,Unnamed: 0,row,set,Start_Lat,Start_Lng,Distance(mi),DelayFromTypicalTraffic(mins),DelayFromFreeFlowSpeed(mins),Congestion_Speed,Severity,Temperature(F),WindChill(F),Humidity(%),Pressure(in),Visibility(mi),WindSpeed(mph),Precipitation(in),Duration_hours,Rain_Event,Snow_Event,Fog_Event,Thunderstorm_Event,Hail_Event,Tornado_Event
0,0,255,0,0.9866990069453692,1.247284373588131,0.0711201476111121,-0.7066210688476964,0.0267889106296424,1.3898404012085974,-1.4555799416646498,-1.617296326539244,-1.7141608138590572,0.1385220663652781,1.1978224533821424,0.4565017600722513,0.0106246810099113,-0.1028233879668304,0.0170983896109349,0.0,0.0,0.0,0.0,0.0,0.0
1,1,255,0,0.9853435713225184,1.2478425040382282,-0.0011284778080202,-0.7066210688476964,0.2565167529118527,1.3898404012085974,-0.1468592457865423,-1.617296326539244,-1.7141608138590572,0.1385220663652781,1.1978224533821424,0.4565017600722513,0.0106246810099113,-0.1028233879668304,1.2152261286172472,0.0,0.0,0.0,0.0,0.0,0.0
2,2,255,0,0.9910159227202822,1.2463314778780736,-0.3824410503074647,-0.7066210688476964,-0.2029389316525677,1.3898404012085974,-1.4555799416646498,-1.566688508957285,-1.434560854302216,0.09363145321378,1.214947184618295,0.4565017600722513,-0.7892074397144313,-0.1028233879668304,1.2152261286172472,0.0,0.0,0.0,0.0,0.0,0.0
3,3,255,0,0.9853435713225184,1.2478425040382282,-0.1576673576098188,-0.7066210688476964,0.2565167529118527,1.3898404012085974,-0.1468592457865423,-1.617296326539244,-1.7141608138590572,0.1385220663652781,1.1978224533821424,0.4565017600722513,0.0106246810099113,-0.1028233879668304,1.2152261286172472,0.0,0.0,0.0,0.0,0.0,0.0
4,4,255,0,0.995663596233124,1.2474846370791413,-0.1215429492034134,-0.1900736720172506,0.4862445951940629,1.3898404012085974,-0.1468592457865423,-1.617296326539244,-1.7141608138590572,0.1385220663652781,1.1978224533821424,0.4565017600722513,0.0106246810099113,-0.1028233879668304,1.2152261286172472,0.0,0.0,0.0,0.0,0.0,0.0
5,5,255,0,1.6478166147989946,0.452776656996911,1.2070301443660365,-0.7066210688476964,-0.2029389316525677,-1.1822922089470431,-1.4555799416646498,-1.7691197792851208,-1.9378407815045304,0.5874281978802591,-0.4290270140526931,0.4565017600722513,0.0106246810099113,-0.1028233879668304,1.2152261286172472,0.0,0.0,0.0,0.0,0.0,0.0
6,6,255,0,1.0780080839497497,1.0803927767523762,-0.5670766177722592,-0.4483473704324735,-0.4326667739347779,1.3898404012085974,-1.4555799416646498,-0.1500347881596004,0.2663146665471244,-0.2476775240703009,-0.5667625893248283,0.0698512449381822,0.0362050362160249,-0.0790826667590213,-0.3218086351549352,0.0,0.0,0.0,0.0,0.0,0.0
7,7,255,0,1.075689328399158,1.0814811020304589,0.7253722587844632,0.0682000263979722,0.2565167529118527,0.1037740961307769,-0.1468592457865423,-0.1500347881596004,0.2663146665471244,-0.2476775240703009,-0.5667625893248283,0.0698512449381822,0.0362050362160249,-0.0790826667590213,0.1858487753864718,0.0,0.0,0.0,0.0,0.0,0.0
8,8,255,0,1.0780080839497497,1.0803927767523762,-0.5670766177722592,-0.7066210688476964,-0.6623946162169881,0.1037740961307769,-1.4555799416646498,-0.1500347881596004,0.2663146665471244,-0.2476775240703009,-0.5667625893248283,0.0698512449381822,0.0362050362160249,-0.0790826667590213,1.2152261286172472,0.0,0.0,0.0,0.0,0.0,0.0
9,9,255,0,1.0755687216645733,1.0815223652722858,-0.1616811701331038,-0.4483473704324735,-0.4326667739347779,0.1037740961307769,-1.4555799416646498,-0.1500347881596004,0.2663146665471244,-0.2476775240703009,-0.5667625893248283,0.0698512449381822,0.0362050362160249,-0.0790826667590213,-0.1600895154533784,0.0,0.0,0.0,0.0,0.0,0.0
10,10,255,0,0.6598321304764981,1.082333196704064,-0.0573219488308513,-0.7066210688476964,-0.2029389316525677,0.1037740961307769,-1.4555799416646498,-1.566688508957285,-1.434560854302216,0.3629751321227686,1.2320719158544542,0.4565017600722513,-0.7892074397144313,-0.1028233879668304,-0.4272776262646454,0.0,0.0,0.0,0.0,0.0,0.0
11,11,255,0,0.7004463045398902,1.0809735466962245,0.789593259157025,-0.7066210688476964,0.0267889106296424,0.1037740961307769,-1.4555799416646498,-1.3642572386294494,-1.1549608947453749,-0.1308216125437105,1.06082460349289,0.4565017600722513,-0.7892074397144313,-0.1028233879668304,0.4305368347610004,0.0,0.0,0.0,0.0,0.0,0.0
12,12,255,0,0.6681486263415278,1.0789479230970984,0.3922255322612794,-0.7066210688476964,0.9457002797584834,1.3898404012085974,-0.1468592457865423,-1.3642572386294494,-1.1549608947453749,-0.1308216125437105,1.06082460349289,0.4565017600722513,-0.7892074397144313,-0.1028233879668304,1.2152261286172472,0.0,0.0,0.0,0.0,0.0,0.0
13,13,255,0,0.6933899477204615,1.0795558138740815,0.2356866524594809,-0.7066210688476964,0.4862445951940629,1.3898404012085974,-0.1468592457865423,-1.3642572386294494,-1.1549608947453749,-0.1308216125437105,1.06082460349289,0.4565017600722513,-0.7892074397144313,-0.1028233879668304,-0.0068079150405992,0.0,0.0,0.0,0.0,0.0,0.0
14,14,255,0,0.6947079933381543,1.0824131042231446,0.4845433159936769,-0.7066210688476964,0.4862445951940629,1.3898404012085974,-0.1468592457865423,-1.3136494210474905,-1.210880886656743,-0.2206028388467066,1.214947184618295,0.4565017600722513,-0.1893333491711743,-0.1028233879668304,1.2152261286172472,0.0,0.0,0.0,0.0,0.0,0.0
15,15,255,0,0.6981363691956414,1.0859368919564114,-0.3061785645166274,-0.7066210688476964,-0.4326667739347779,1.3898404012085974,-1.4555799416646498,-1.3136494210474905,-1.210880886656743,-0.2206028388467066,1.214947184618295,0.4565017600722513,-0.1893333491711743,-0.1028233879668304,1.0886633392855944,0.0,0.0,0.0,0.0,0.0,0.0
16,16,255,0,0.6772075534884486,1.0776877937430314,-0.5831318678653997,-0.7066210688476964,-0.4326667739347779,0.1037740961307769,-1.4555799416646498,-1.3642572386294494,-1.1549608947453749,-0.1308216125437105,1.06082460349289,0.4565017600722513,-0.7892074397144313,-0.1028233879668304,1.2152261286172472,0.0,0.0,0.0,0.0,0.0,0.0
17,17,255,0,0.7040288422647908,1.0834845517295355,0.8096624174702902,-0.7066210688476964,0.4862445951940629,0.1037740961307769,-0.1468592457865423,-1.3136494210474905,-1.210880886656743,-0.2206028388467066,1.214947184618295,0.4565017600722513,-0.1893333491711743,-0.1028233879668304,0.3306928565104745,0.0,0.0,0.0,0.0,0.0,0.0
18,18,255,0,0.6827702275377505,1.0831794714563945,0.4684879702036971,0.3264737248131952,0.7159724374762731,1.3898404012085974,-0.1468592457865423,-1.3136494210474905,-1.210880886656743,-0.2206028388467066,1.214947184618295,0.4565017600722513,-0.1893333491711743,-0.1028233879668304,1.2152261286172472,0.0,0.0,0.0,0.0,0.0,0.0
19,19,255,0,0.6638593216473473,1.0814206912476438,0.3280044361918782,-0.7066210688476964,0.0267889106296424,0.1037740961307769,-1.4555799416646498,-1.3642572386294494,-1.1549608947453749,-0.1308216125437105,1.06082460349289,0.4565017600722513,-0.7892074397144313,-0.1028233879668304,-0.1741520476013403,0.0,0.0,0.0,0.0,0.0,0.0
20,20,255,0,0.6805546300526691,1.084265585164395,-0.4908140841330025,-0.7066210688476964,-0.4326667739347779,1.3898404012085974,-1.4555799416646498,-1.3136494210474905,-1.210880886656743,-0.2206028388467066,1.214947184618295,0.4565017600722513,-0.1893333491711743,-0.1028233879668304,1.2152261286172472,0.0,0.0,0.0,0.0,0.0,0.0
21,21,255,0,0.6834796789176558,1.0852357660406329,-0.559048992725689,-0.7066210688476964,-0.4326667739347779,1.3898404012085974,-1.4555799416646498,-1.3136494210474905,-1.210880886656743,-0.2206028388467066,1.214947184618295,0.4565017600722513,-0.1893333491711743,-0.1028233879668304,1.1814760514621396,0.0,0.0,0.0,0.0,0.0,0.0
22,22,255,0,0.6984105625667937,1.0853556564188602,-0.3142061895631977,-0.7066210688476964,-0.4326667739347779,0.1037740961307769,-1.4555799416646498,-1.3136494210474905,-1.210880886656743,-0.2206028388467066,1.214947184618295,0.4565017600722513,-0.1893333491711743,-0.1028233879668304,1.2152261286172472,0.0,0.0,0.0,0.0,0.0,0.0
23,23,255,0,0.6701937637518157,1.0780585227281323,-0.6232700409466707,-0.7066210688476964,-0.6623946162169881,1.3898404012085974,-1.4555799416646498,-1.3642572386294494,-1.1549608947453749,-0.1308216125437105,1.06082460349289,0.4565017600722513,-0.7892074397144313,-0.1028233879668304,-0.4272776262646454,0.0,0.0,0.0,0.0,0.0,0.0
24,24,255,0,0.6711680130656804,1.078647324163339,-0.5991871179585403,-0.7066210688476964,-0.6623946162169881,1.3898404012085974,-1.4555799416646498,-1.3642572386294494,-1.1549608947453749,-0.1308216125437105,1.06082460349289,0.4565017600722513,-0.7892074397144313,-0.1028233879668304,1.0085069060422145,0.0,0.0,0.0,0.0,0.0,0.0
25,25,255,0,0.6716968419591338,1.0807755529745122,0.5327090662730984,-0.7066210688476964,1.1754281220406937,1.3898404012085974,-0.1468592457865423,-1.3642572386294494,-1.1549608947453749,-0.1308216125437105,1.06082460349289,0.4565017600722513,-0.7892074397144313,-0.1028233879668304,1.2152261286172472,0.0,0.0,0.0,0.0,0.0,0.0
26,26,255,0,0.6794200830756706,1.078446595078628,0.6892478503780575,-0.7066210688476964,-0.4326667739347779,0.1037740961307769,-1.4555799416646498,-1.3642572386294494,-1.1549608947453749,-0.1308216125437105,1.06082460349289,0.4565017600722513,-0.7892074397144313,-0.1028233879668304,-0.4174338537610726,0.0,0.0,0.0,0.0,0.0,0.0
27,27,255,0,0.6841914312209549,1.0912225444567052,0.2517419025526217,-0.7066210688476964,-0.2029389316525677,0.1037740961307769,-1.4555799416646498,-1.3136494210474905,-1.210880886656743,-0.2206028388467066,1.214947184618295,0.4565017600722513,-0.1893333491711743,-0.1028233879668304,1.2152261286172472,0.0,0.0,0.0,0.0,0.0,0.0
28,28,255,0,0.4140779807338432,1.051112461830988,0.4725017827269822,-0.7066210688476964,0.4862445951940629,1.3898404012085974,-0.1468592457865423,-1.7691197792851208,-1.8260007976817936,0.9016624899407456,1.0436998722567372,0.4565017600722513,-0.38929137935226,-0.1028233879668304,1.1336634421590712,0.0,0.0,0.0,0.0,0.0,0.0
29,29,255,0,0.669437335185944,1.087176593386811,0.0430234599481162,-0.7066210688476964,0.2565167529118527,1.3898404012085974,-0.1468592457865423,-1.566688508957285,-1.434560854302216,0.3629751321227686,1.2320719158544542,0.4565017600722513,-0.7892074397144313,-0.1028233879668304,1.2152261286172472,0.0,0.0,0.0,0.0,0.0,0.0
30,30,255,0,0.6708132873757271,1.0774280506566096,-0.0211975404244459,-0.7066210688476964,-0.4326667739347779,0.1037740961307769,-1.4555799416646498,-1.3642572386294494,-1.1549608947453749,-0.1308216125437105,1.06082460349289,0.4565017600722513,-0.7892074397144313,-0.1028233879668304,1.2152261286172472,0.0,0.0,0.0,0.0,0.0,0.0
31,31,255,0,0.6808215371664068,1.0789341880828938,-0.434620660958591,-0.7066210688476964,-0.6623946162169881,0.1037740961307769,-1.4555799416646498,-1.3642572386294494,-1.1549608947453749,-0.1308216125437105,1.06082460349289,0.4565017600722513,-0.7892074397144313,-0.1028233879668304,0.4220993154722239,0.0,0.0,0.0,0.0,0.0,0.0
32,32,255,0,0.6872165702535924,1.0803497093349543,-0.0372528862144256,-0.7066210688476964,-0.4326667739347779,0.1037740961307769,-1.4555799416646498,-1.3642572386294494,-1.1549608947453749,-0.1308216125437105,1.06082460349289,0.4565017600722513,-0.7892074397144313,-0.1028233879668304,1.2152261286172472,0.0,0.0,0.0,0.0,0.0,0.0
33,33,255,0,0.6566861929656604,1.0813661003861013,-0.39448248787732,-0.7066210688476964,-0.6623946162169881,0.1037740961307769,-1.4555799416646498,-1.3642572386294494,-1.1549608947453749,-0.1308216125437105,1.06082460349289,0.4565017600722513,-0.7892074397144313,-0.1028233879668304,1.2152261286172472,0.0,0.0,0.0,0.0,0.0,0.0
34,34,255,0,0.6669454351499333,1.079238744563119,-0.3342752521796235,-0.7066210688476964,-0.4326667739347779,0.1037740961307769,-1.4555799416646498,-1.3642572386294494,-1.1549608947453749,-0.1308216125437105,1.06082460349289,0.4565017600722513,-0.7892074397144313,-0.1028233879668304,1.2152261286172472,0.0,0.0,0.0,0.0,0.0,0.0
35,35,255,0,0.6715292580385828,1.0783178584200652,0.1754794646102039,-0.7066210688476964,-0.2029389316525677,0.1037740961307769,-1.4555799416646498,-1.3642572386294494,-1.1549608947453749,-0.1308216125437105,1.06082460349289,0.4565017600722513,-0.7892074397144313,-0.1028233879668304,0.2491301700522985,0.0,0.0,0.0,0.0,0.0,0.0
36,36,255,0,0.6814293644297301,1.080712930621613,-0.6232700409466707,-0.7066210688476964,-0.6623946162169881,0.1037740961307769,-1.4555799416646498,-1.3642572386294494,-1.1549608947453749,-0.1308216125437105,1.0779493347290487,0.4565017600722513,-0.7892074397144313,-0.1028233879668304,-0.3414961801620809,0.0,0.0,0.0,0.0,0.0,0.0
37,37,255,0,0.6987873387726077,1.0831106799869472,-0.3382890647029086,-0.7066210688476964,-0.4326667739347779,1.3898404012085974,-1.4555799416646498,-1.3136494210474905,-1.210880886656743,-0.2206028388467066,1.2320719158544542,0.4565017600722513,-0.38929137935226,-0.1028233879668304,-0.4286838794794418,0.0,0.0,0.0,0.0,0.0,0.0
38,38,255,0,0.5267750994061927,1.0082933804502476,0.436377470017416,-0.7066210688476964,0.0267889106296424,0.1037740961307769,-1.4555799416646498,-1.6679041441212028,-1.2668008785681113,0.4976469715772629,1.2320719158544542,0.4565017600722513,-1.1891235000766027,-0.1028233879668304,1.2152261286172472,0.0,0.0,0.0,0.0,0.0,0.0
39,39,255,0,0.5288472726663634,1.0096551838289567,0.6049576916922309,-0.7066210688476964,0.2565167529118527,0.1037740961307769,-0.1468592457865423,-1.6679041441212028,-1.2668008785681113,0.4976469715772629,1.2320719158544542,0.4565017600722513,-1.1891235000766027,-0.1028233879668304,1.2152261286172472,0.0,0.0,0.0,0.0,0.0,0.0
40,40,255,0,0.662913642132295,1.079962975566351,0.1714655563900796,-0.7066210688476964,0.2565167529118527,1.3898404012085974,-0.1468592457865423,-1.3642572386294494,-1.1549608947453749,-0.1308216125437105,1.06082460349289,0.4565017600722513,-0.7892074397144313,-0.1028233879668304,0.2491301700522985,0.0,0.0,0.0,0.0,0.0,0.0
41,41,255,0,0.6823152199365308,1.0830404917363925,0.2597695275991918,-0.7066210688476964,0.7159724374762731,1.3898404012085974,-0.1468592457865423,-1.3136494210474905,-1.210880886656743,-0.2206028388467066,1.2320719158544542,0.4565017600722513,-0.38929137935226,-0.1028233879668304,0.5852246883885759,0.0,0.0,0.0,0.0,0.0,0.0
42,42,255,0,0.7007548200183383,1.081398051753892,-0.4948278966562875,-0.7066210688476964,-0.4326667739347779,1.3898404012085974,-1.4555799416646498,-1.3642572386294494,-1.1549608947453749,-0.1308216125437105,1.0779493347290487,0.4565017600722513,-0.7892074397144313,-0.1028233879668304,1.2152261286172472,0.0,0.0,0.0,0.0,0.0,0.0
43,43,255,0,0.6576341734041053,1.0791255470943564,-0.0091561028545905,-0.1900736720172506,-0.2029389316525677,0.1037740961307769,-1.4555799416646498,-1.3642572386294494,-1.1549608947453749,-0.1308216125437105,1.0779493347290487,0.4565017600722513,-0.7892074397144313,-0.1028233879668304,1.2152261286172472,0.0,0.0,0.0,0.0,0.0,0.0
44,44,255,0,0.6750293460085238,1.0873160387005147,-0.2339298912490757,-0.7066210688476964,-0.2029389316525677,1.3898404012085974,-1.4555799416646498,-1.3136494210474905,-1.210880886656743,-0.2206028388467066,1.2320719158544542,0.4565017600722513,-0.38929137935226,-0.1028233879668304,0.2449114104079099,0.0,0.0,0.0,0.0,0.0,0.0
45,45,255,0,0.6805509869239625,1.082486784426463,0.0430234599481162,-0.7066210688476964,-0.2029389316525677,0.1037740961307769,-1.4555799416646498,-1.3136494210474905,-1.210880886656743,-0.2206028388467066,1.214947184618295,0.4565017600722513,-0.1893333491711743,-0.1028233879668304,0.7483500613049285,0.0,0.0,0.0,0.0,0.0,0.0
46,46,255,0,0.6982468135185662,1.0861588637537705,0.3079353735754525,-0.7066210688476964,0.4862445951940629,1.3898404012085974,-0.1468592457865423,-1.3136494210474905,-1.210880886656743,-0.2206028388467066,1.214947184618295,0.4565017600722513,-0.1893333491711743,-0.1028233879668304,1.2152261286172472,0.0,0.0,0.0,0.0,0.0,0.0
47,47,255,0,0.6573181799246242,1.0811533822635662,-0.0332390736911404,-0.7066210688476964,0.0267889106296424,1.3898404012085974,-1.4555799416646498,-1.3642572386294494,-1.1549608947453749,-0.1308216125437105,1.0779493347290487,0.4565017600722513,-0.7892074397144313,-0.1028233879668304,0.3292866032956781,0.0,0.0,0.0,0.0,0.0,0.0
48,48,255,0,0.6602944243351325,1.0767158086911992,0.5527782245863633,-0.7066210688476964,0.4862445951940629,1.3898404012085974,-0.1468592457865423,-1.3642572386294494,-1.1549608947453749,-0.1308216125437105,1.0779493347290487,0.4565017600722513,-0.7892074397144313,-0.1028233879668304,-0.1685270347421555,0.0,0.0,0.0,0.0,0.0,0.0
49,49,255,0,0.6795803807388058,1.0845315555665789,-0.6674220265512267,-0.7066210688476964,-0.4326667739347779,1.3898404012085974,-1.4555799416646498,-1.3136494210474905,-1.210880886656743,-0.2206028388467066,1.2320719158544542,0.4565017600722513,-0.38929137935226,-0.1028233879668304,0.076161024632373,0.0,0.0,0.0,0.0,0.0,0.0
50,50,255,0,0.6945419433665343,1.0797955946305362,0.9822564516683904,-0.7066210688476964,0.4862445951940629,0.1037740961307769,-0.1468592457865423,-1.3642572386294494,-1.1549608947453749,-0.1308216125437105,1.0779493347290487,0.4565017600722513,-0.7892074397144313,-0.1028233879668304,1.2152261286172472,0.0,0.0,0.0,0.0,0.0,0.0
51,51,255,0,0.6521504977246733,1.077293959670476,-0.0653495738774215,-0.7066210688476964,-0.2029389316525677,0.1037740961307769,-1.4555799416646498,-1.3642572386294494,-1.1549608947453749,-0.1308216125437105,1.0779493347290487,0.4565017600722513,-0.7892074397144313,-0.1028233879668304,1.0085069060422145,0.0,0.0,0.0,0.0,0.0,0.0
52,52,255,0,0.6636495541312345,1.0824144428050373,0.0831616808778066,-0.1900736720172506,-0.2029389316525677,0.1037740961307769,-1.4555799416646498,-1.3642572386294494,-1.1549608947453749,-0.1308216125437105,1.0779493347290487,0.4565017600722513,-0.7892074397144313,-0.1028233879668304,0.9227254599396496,0.0,0.0,0.0,0.0,0.0,0.0
53,53,255,0,0.6610792309562011,1.0802862139938638,0.3801840946914241,-0.7066210688476964,0.9457002797584834,1.3898404012085974,-0.1468592457865423,-1.3642572386294494,-1.1549608947453749,-0.1308216125437105,1.0779493347290487,0.4565017600722513,-0.7892074397144313,-0.1028233879668304,1.0042881463978264,0.0,0.0,0.0,0.0,0.0,0.0
54,54,255,0,0.6717823596119542,1.0899926204940464,0.58890244159909,0.3264737248131952,0.4862445951940629,0.1037740961307769,-0.1468592457865423,-1.566688508957285,-1.434560854302216,0.3629751321227686,1.2320719158544542,0.4565017600722513,-0.7892074397144313,-0.1028233879668304,1.2152261286172472,0.0,0.0,0.0,0.0,0.0,0.0
55,55,255,0,0.672633126036992,1.083744702210446,-0.6834772766443673,-0.7066210688476964,-0.6623946162169881,1.3898404012085974,-1.4555799416646498,-1.3136494210474905,-1.210880886656743,-0.2206028388467066,1.2320719158544542,0.4565017600722513,-0.38929137935226,-0.1028233879668304,0.4122555429686505,0.0,0.0,0.0,0.0,0.0,0.0
56,56,255,0,0.6813212210301992,1.083748717956126,-0.675449651597797,-0.7066210688476964,-0.6623946162169881,1.3898404012085974,-1.4555799416646498,-1.3136494210474905,-1.210880886656743,-0.2206028388467066,1.2320719158544542,0.4565017600722513,-0.38929137935226,-0.1028233879668304,-0.4272776262646454,0.0,0.0,0.0,0.0,0.0,0.0
57,57,255,0,0.7052533169977832,1.083591114488047,-0.1215429492034134,-0.7066210688476964,0.2565167529118527,1.3898404012085974,-0.1468592457865423,-1.3136494210474905,-1.210880886656743,-0.2206028388467066,1.2320719158544542,0.4565017600722513,-0.38929137935226,-0.1028233879668304,1.0999133650039636,0.0,0.0,0.0,0.0,0.0,0.0
58,58,255,0,0.6533632760970789,1.0796397371388404,0.0630925225645419,0.0682000263979722,0.4862445951940629,1.3898404012085974,-0.1468592457865423,-1.3642572386294494,-1.1549608947453749,-0.1308216125437105,1.0779493347290487,0.4565017600722513,-0.7892074397144313,-0.1028233879668304,0.8369440138370852,0.0,0.0,0.0,0.0,0.0,0.0
59,59,255,0,0.6557748355579068,1.0816844500797438,0.0269682098549756,-0.4483473704324735,0.0267889106296424,1.3898404012085974,-1.4555799416646498,-1.3642572386294494,-1.1549608947453749,-0.1308216125437105,1.0779493347290487,0.4565017600722513,-0.7892074397144313,-0.1028233879668304,1.2152261286172472,0.0,0.0,0.0,0.0,0.0,0.0
60,60,255,0,0.6633715258877586,1.0804842659147902,0.5327090662730984,-0.4483473704324735,0.2565167529118527,0.1037740961307769,-0.1468592457865423,-1.3642572386294494,-1.1549608947453749,-0.1308216125437105,1.0779493347290487,0.4565017600722513,-0.7892074397144313,-0.1028233879668304,1.2152261286172472,0.0,0.0,0.0,0.0,0.0,0.0
61,61,255,0,0.6804631683477469,1.0800815273626865,-0.3864548628307498,-0.7066210688476964,-0.6623946162169881,0.1037740961307769,-1.4555799416646498,-1.3642572386294494,-1.1549608947453749,-0.1308216125437105,1.0779493347290487,0.4565017600722513,-0.7892074397144313,-0.1028233879668304,0.7553813273789092,0.0,0.0,0.0,0.0,0.0,0.0
62,62,255,0,0.6816255181490937,1.0791113464864492,-0.3663858002143241,-0.7066210688476964,-0.6623946162169881,0.1037740961307769,-1.4555799416646498,-1.3642572386294494,-1.1549608947453749,-0.1308216125437105,1.0779493347290487,0.4565017600722513,-0.7892074397144313,-0.1028233879668304,-0.3414961801620809,0.0,0.0,0.0,0.0,0.0,0.0
63,63,255,0,0.6959508754583021,1.0803328315632623,0.2156175898430553,-0.4483473704324735,0.2565167529118527,1.3898404012085974,-0.1468592457865423,-1.3642572386294494,-1.1549608947453749,-0.1308216125437105,1.0779493347290487,0.4565017600722513,-0.7892074397144313,-0.1028233879668304,0.5810059287441874,0.0,0.0,0.0,0.0,0.0,0.0
64,64,255,0,0.6977003442124242,1.0826364146023963,0.0068991472385499,-0.4483473704324735,0.0267889106296424,0.1037740961307769,-1.4555799416646498,-1.3136494210474905,-1.210880886656743,-0.2206028388467066,1.2320719158544542,0.4565017600722513,-0.38929137935226,-0.1028233879668304,1.00288189318303,0.0,0.0,0.0,0.0,0.0,0.0
65,65,255,0,0.7014636961673951,1.0811693870470676,2.52356180036563,-0.7066210688476964,3.932162229427216,1.3898404012085974,1.1618614500915652,-1.3642572386294494,-1.1549608947453749,-0.1308216125437105,1.0779493347290487,0.4565017600722513,-0.7892074397144313,-0.1028233879668304,1.2152261286172472,0.0,0.0,0.0,0.0,0.0,0.0
66,66,255,0,0.5278225947814412,1.0052047482305753,0.6571373501917771,-0.7066210688476964,0.2565167529118527,0.1037740961307769,-0.1468592457865423,-1.6679041441212028,-1.2668008785681113,0.4976469715772629,1.2320719158544542,0.4565017600722513,-1.1891235000766027,-0.1028233879668304,1.2152261286172472,0.0,0.0,0.0,0.0,0.0,0.0
67,67,255,0,0.6636370907961823,1.0814273841571076,0.0711201476111121,-0.7066210688476964,0.2565167529118527,1.3898404012085974,-0.1468592457865423,-1.3642572386294494,-1.1549608947453749,-0.1308216125437105,1.0779493347290487,0.4565017600722513,-0.7892074397144313,-0.1028233879668304,1.2152261286172472,0.0,0.0,0.0,0.0,0.0,0.0
68,68,255,0,0.6634907904170291,1.084106584915212,1.2551960860391362,-0.1900736720172506,0.7159724374762731,0.1037740961307769,-0.1468592457865423,-1.566688508957285,-1.434560854302216,0.3629751321227686,1.2320719158544542,0.4565017600722513,-0.7892074397144313,-0.1028233879668304,1.2152261286172472,0.0,0.0,0.0,0.0,0.0,0.0
69,69,255,0,0.6636786991608954,1.0797422841516735,-0.5630628052489741,-0.7066210688476964,-0.6623946162169881,0.1037740961307769,-1.4555799416646498,-1.3642572386294494,-1.1549608947453749,-0.1308216125437105,1.0779493347290487,0.4565017600722513,-0.7892074397144313,-0.1028233879668304,0.4122555429686505,0.0,0.0,0.0,0.0,0.0,0.0
70,70,255,0,0.648583299489066,1.0797502574438176,-0.4707450215165768,-0.7066210688476964,-0.4326667739347779,0.1037740961307769,-1.4555799416646498,-1.3642572386294494,-1.1549608947453749,-0.1308216125437105,1.0779493347290487,0.4565017600722513,-0.7892074397144313,-0.1028233879668304,1.2152261286172472,0.0,0.0,0.0,0.0,0.0,0.0
71,71,255,0,0.6528380903323335,1.0796521335711524,0.2236452148896255,-0.7066210688476964,0.2565167529118527,0.1037740961307769,-0.1468592457865423,-1.3642572386294494,-1.1549608947453749,-0.1308216125437105,1.0779493347290487,0.4565017600722513,-0.7892074397144313,-0.1028233879668304,1.2152261286172472,0.0,0.0,0.0,0.0,0.0,0.0
72,72,255,0,0.6618304824444352,1.0765497663372754,1.1267538939003332,-0.7066210688476964,0.9457002797584834,1.3898404012085974,-0.1468592457865423,-1.3642572386294494,-1.1549608947453749,-0.1308216125437105,1.0779493347290487,0.4565017600722513,-0.7892074397144313,-0.1028233879668304,1.2152261286172472,0.0,0.0,0.0,0.0,0.0,0.0
73,73,255,0,0.6704050652168583,1.0791872382598524,0.2718109651690472,-0.7066210688476964,0.4862445951940629,1.3898404012085974,-0.1468592457865423,-1.3642572386294494,-1.1549608947453749,-0.1308216125437105,1.0779493347290487,0.4565017600722513,-0.7892074397144313,-0.1028233879668304,1.2152261286172472,0.0,0.0,0.0,0.0,0.0,0.0
74,74,255,0,0.5460763952991606,1.010795015410307,-0.3342752521796235,-0.7066210688476964,-0.4326667739347779,0.1037740961307769,-1.4555799416646498,-1.617296326539244,-1.4904808462135843,0.6323188110317571,1.0436998722567372,0.4565017600722513,-0.7892074397144313,-0.1028233879668304,1.2152261286172472,0.0,0.0,0.0,0.0,0.0,0.0
75,75,255,0,0.6638600886218115,1.0804677955375874,0.0229543973316905,-0.7066210688476964,0.4862445951940629,1.3898404012085974,-0.1468592457865423,-1.3642572386294494,-1.1549608947453749,-0.1308216125437105,1.0779493347290487,0.4565017600722513,-0.7892074397144313,-0.1028233879668304,-0.431496385909034,0.0,0.0,0.0,0.0,0.0,0.0
76,76,255,0,0.6682320348145713,1.0833437678339373,0.7093170086913226,-0.7066210688476964,0.0267889106296424,0.1037740961307769,-1.4555799416646498,-1.566688508957285,-1.4904808462135843,0.3629751321227686,1.2320719158544542,0.4565017600722513,-0.5892494095333457,-0.1028233879668304,1.2152261286172472,0.0,0.0,0.0,0.0,0.0,0.0
77,77,255,0,0.679198427455354,1.0783973585446578,0.4564465326338419,-0.7066210688476964,-0.4326667739347779,0.1037740961307769,-1.4555799416646498,-1.3642572386294494,-1.1549608947453749,-0.1308216125437105,1.0779493347290487,0.4565017600722513,-0.7892074397144313,-0.1028233879668304,-0.4286838794794418,0.0,0.0,0.0,0.0,0.0,0.0
78,78,255,0,0.6853894453349131,1.0784261671549584,-0.1616811701331038,-0.7066210688476964,-0.4326667739347779,0.1037740961307769,-1.4555799416646498,-1.3642572386294494,-1.1549608947453749,-0.1308216125437105,1.0779493347290487,0.4565017600722513,-0.7892074397144313,-0.1028233879668304,1.2152261286172472,0.0,0.0,0.0,0.0,0.0,0.0
79,79,255,0,0.6891790661653024,1.0863729204581971,-0.4265930359120207,-0.7066210688476964,-0.4326667739347779,1.3898404012085974,-1.4555799416646498,-1.3136494210474905,-1.210880886656743,-0.2206028388467066,1.2320719158544542,0.4565017600722513,-0.38929137935226,-0.1028233879668304,0.6653811216319562,0.0,0.0,0.0,0.0,0.0,0.0
80,80,255,0,0.6980339781045953,1.0856646942384651,-0.0533081363075661,-0.7066210688476964,0.0267889106296424,1.3898404012085974,-1.4555799416646498,-1.3136494210474905,-1.210880886656743,-0.2206028388467066,1.2320719158544542,0.4565017600722513,-0.38929137935226,-0.1028233879668304,-0.3372774205176924,0.0,0.0,0.0,0.0,0.0,0.0
81,81,255,0,0.701883614686852,1.0850900934111651,-0.3703996127376093,-0.7066210688476964,-0.4326667739347779,1.3898404012085974,-1.4555799416646498,-1.3136494210474905,-1.210880886656743,-0.2206028388467066,1.2320719158544542,0.4565017600722513,-0.38929137935226,-0.1028233879668304,-0.3471211930212652,0.0,0.0,0.0,0.0,0.0,0.0
82,82,255,0,0.5293849217661611,1.008908778925674,-0.1255567617266986,-0.7066210688476964,0.0267889106296424,1.3898404012085974,-1.4555799416646498,-1.5160806913753262,-1.099040902834007,0.3629751321227686,1.2320719158544542,0.4565017600722513,-1.7889975906198596,-0.1028233879668304,1.2152261286172472,0.0,0.0,0.0,0.0,0.0,0.0
83,83,255,0,0.6493000371263872,1.0715282800635706,-0.346316689749479,-0.7066210688476964,-0.4326667739347779,0.1037740961307769,-1.4555799416646498,-1.617296326539244,-1.210880886656743,0.6772094241832552,1.214947184618295,0.4565017600722513,-1.7889975906198596,-0.1028233879668304,0.4994432422860114,0.0,0.0,0.0,0.0,0.0,0.0
84,84,255,0,0.6520714993548034,1.0723466191937912,-0.5670766177722592,-0.4483473704324735,-0.4326667739347779,0.1037740961307769,-1.4555799416646498,-1.617296326539244,-1.5464008381249523,0.6323188110317571,1.2320719158544542,0.4565017600722513,-0.5892494095333457,-0.1028233879668304,-0.4286838794794418,0.0,0.0,0.0,0.0,0.0,0.0
85,85,255,0,0.6521796427543343,1.0794386006596397,-0.3423028772261938,-0.4483473704324735,-0.4326667739347779,0.1037740961307769,-1.4555799416646498,-1.3642572386294494,-1.1549608947453749,-0.1308216125437105,1.0779493347290487,0.4565017600722513,-0.7892074397144313,-0.1028233879668304,-0.4286838794794418,0.0,0.0,0.0,0.0,0.0,0.0
86,86,255,0,0.6560636014438896,1.0788408947448846,1.0264084851213655,-0.7066210688476964,1.4051559643229037,1.3898404012085974,-0.1468592457865423,-1.3642572386294494,-1.1549608947453749,-0.1308216125437105,1.0779493347290487,0.4565017600722513,-0.7892074397144313,-0.1028233879668304,1.2152261286172472,0.0,0.0,0.0,0.0,0.0,0.0
87,87,255,0,0.661327922426399,1.0730121853905912,0.6169992249589255,-0.1900736720172506,0.2565167529118527,0.1037740961307769,-0.1468592457865423,-1.617296326539244,-1.5464008381249523,0.6323188110317571,1.2320719158544542,0.4565017600722513,-0.5892494095333457,-0.1028233879668304,-0.0068079150405992,0.0,0.0,0.0,0.0,0.0,0.0
88,88,255,0,0.6620571233987724,1.0833770577836186,0.721358350564339,-0.1900736720172506,0.4862445951940629,0.1037740961307769,-0.1468592457865423,-1.566688508957285,-1.434560854302216,0.3629751321227686,1.2320719158544542,0.4565017600722513,-0.7892074397144313,-0.1028233879668304,1.2152261286172472,0.0,0.0,0.0,0.0,0.0,0.0
89,89,255,0,0.6634907904170291,1.084106584915212,-0.6112286033768153,-0.4483473704324735,-0.4326667739347779,0.1037740961307769,-1.4555799416646498,-1.566688508957285,-1.4904808462135843,0.3629751321227686,1.2320719158544542,0.4565017600722513,-0.5892494095333457,-0.1028233879668304,-0.3443086865916731,0.0,0.0,0.0,0.0,0.0,0.0
90,90,255,0,0.6678838284075683,1.0836639217031745,-0.0894324490171325,-0.4483473704324735,-0.4326667739347779,0.1037740961307769,-1.4555799416646498,-1.566688508957285,-1.4904808462135843,0.3629751321227686,1.2320719158544542,0.4565017600722513,-0.5892494095333457,-0.1028233879668304,0.5008494955008078,0.0,0.0,0.0,0.0,0.0,0.0
91,91,255,0,0.6516362413460504,1.079680127392476,-0.542993694784129,-0.7066210688476964,-0.6623946162169881,0.1037740961307769,-1.4555799416646498,-1.3642572386294494,-1.1549608947453749,-0.1308216125437105,1.0779493347290487,0.4565017600722513,-0.7892074397144313,-0.1028233879668304,-0.431496385909034,0.0,0.0,0.0,0.0,0.0,0.0
92,92,255,0,0.6701724802104192,1.0820512215183784,0.8698697010164059,-0.7066210688476964,0.7159724374762731,1.3898404012085974,-0.1468592457865423,-1.3642572386294494,-1.1549608947453749,-0.1308216125437105,1.06082460349289,0.4565017600722513,-0.7892074397144313,-0.1028233879668304,1.2152261286172472,0.0,0.0,0.0,0.0,0.0,0.0
93,93,255,0,0.6713231336511779,1.0797822670108204,-0.6152424159001003,-0.7066210688476964,-0.4326667739347779,1.3898404012085974,-1.4555799416646498,-1.3642572386294494,-1.1549608947453749,-0.1308216125437105,1.0779493347290487,0.4565017600722513,-0.7892074397144313,-0.1028233879668304,-0.4286838794794418,0.0,0.0,0.0,0.0,0.0,0.0
94,94,255,0,0.6717911798182984,1.0810104449970974,0.4203222199242755,-0.7066210688476964,0.7159724374762731,1.3898404012085974,-0.1468592457865423,-1.3642572386294494,-1.1549608947453749,-0.1308216125437105,1.06082460349289,0.4565017600722513,-0.7892074397144313,-0.1028233879668304,1.2152261286172472,0.0,0.0,0.0,0.0,0.0,0.0
95,95,255,0,0.6732269560163333,1.0898482864464714,-0.559048992725689,-0.7066210688476964,-0.6623946162169881,0.1037740961307769,-1.4555799416646498,-1.566688508957285,-1.4904808462135843,0.3629751321227686,1.2320719158544542,0.4565017600722513,-0.5892494095333457,-0.1028233879668304,1.2152261286172472,0.0,0.0,0.0,0.0,0.0,0.0
96,96,255,0,0.6772982482189066,1.0775772152388414,-0.4587035839467214,-0.7066210688476964,-0.6623946162169881,0.1037740961307769,-1.4555799416646498,-1.3642572386294494,-1.1549608947453749,-0.1308216125437105,1.0779493347290487,0.4565017600722513,-0.7892074397144313,-0.1028233879668304,1.2152261286172472,0.0,0.0,0.0,0.0,0.0,0.0
97,97,255,0,0.6773458006357217,1.1066452776313962,-0.4747588340398619,-0.7066210688476964,-0.4326667739347779,0.1037740961307769,-1.4555799416646498,-1.465472873793367,-1.3227208704794795,0.2283032926682743,1.1121987972013605,0.4565017600722513,-0.7892074397144313,-0.1028233879668304,0.6695998812763446,0.0,0.0,0.0,0.0,0.0,0.0
98,98,255,0,0.6886260775762088,1.0977892198284378,-0.1978054828426702,0.3264737248131952,0.0267889106296424,1.3898404012085974,-1.4555799416646498,-1.3136494210474905,-1.210880886656743,-0.2206028388467066,1.2320719158544542,0.4565017600722513,-0.38929137935226,-0.1028233879668304,0.0747547714175767,0.0,0.0,0.0,0.0,0.0,0.0
99,99,255,0,0.7028687933868393,1.083564866643105,-0.675449651597797,-0.7066210688476964,-0.6623946162169881,0.1037740961307769,-1.4555799416646498,-1.3136494210474905,-1.210880886656743,-0.2206028388467066,1.2320719158544542,0.4565017600722513,-0.38929137935226,-0.1028233879668304,-0.431496385909034,0.0,0.0,0.0,0.0,0.0,0.0
100,100,255,0,0.7030699324402221,1.0813998559294855,-0.4105377858188802,-0.7066210688476964,-0.6623946162169881,0.1037740961307769,-1.4555799416646498,-1.3136494210474905,-1.210880886656743,-0.2206028388467066,1.2320719158544542,0.4565017600722513,-0.38929137935226,-0.1028233879668304,0.7525688209493171,0.0,0.0,0.0,0.0,0.0,0.0
101,101,255,0,0.528054412813416,1.010965073509908,-0.1496397325632484,-0.7066210688476964,-0.2029389316525677,0.1037740961307769,-1.4555799416646498,-1.5160806913753262,-1.099040902834007,0.3629751321227686,1.2320719158544542,0.4565017600722513,-1.7889975906198596,-0.1028233879668304,1.2152261286172472,0.0,0.0,0.0,0.0,0.0,0.0
102,102,255,0,0.6524306351479288,1.0782907957861447,0.7012893836447524,-0.7066210688476964,0.9457002797584834,1.3898404012085974,-0.1468592457865423,-1.3642572386294494,-1.1549608947453749,-0.1308216125437105,1.0779493347290487,0.4565017600722513,-0.7892074397144313,-0.1028233879668304,1.2152261286172472,0.0,0.0,0.0,0.0,0.0,0.0
103,103,255,0,0.6723550977935147,1.0826106905503683,0.3480734988083039,-0.7066210688476964,0.4862445951940629,1.3898404012085974,-0.1468592457865423,-1.3136494210474905,-1.210880886656743,-0.2206028388467066,1.2320719158544542,0.4565017600722513,-0.38929137935226,-0.1028233879668304,1.2152261286172472,0.0,0.0,0.0,0.0,0.0,0.0
104,104,255,0,0.6735488935479177,1.0766203619823178,-0.2138607329358107,-0.7066210688476964,-0.2029389316525677,1.3898404012085974,-1.4555799416646498,-1.3642572386294494,-1.1549608947453749,-0.1308216125437105,1.0779493347290487,0.4565017600722513,-0.7892074397144313,-0.1028233879668304,0.6667873748467525,0.0,0.0,0.0,0.0,0.0,0.0
105,105,255,0,0.6784590640713236,1.0754059190102478,-1.0808450992369525,-0.7066210688476964,0.0267889106296424,1.3898404012085974,-1.4555799416646498,-1.3642572386294494,-1.1549608947453749,-0.1308216125437105,1.0779493347290487,0.4565017600722513,-0.7892074397144313,-0.1028233879668304,0.8917878892141349,0.0,0.0,0.0,0.0,0.0,0.0
106,106,255,0,0.6823092758844289,1.0871485995654857,0.918035451295828,-0.7066210688476964,0.2565167529118527,0.1037740961307769,-0.1468592457865423,-1.3136494210474905,-1.210880886656743,-0.2206028388467066,1.2320719158544542,0.4565017600722513,-0.38929137935226,-0.1028233879668304,1.2152261286172472,0.0,0.0,0.0,0.0,0.0,0.0
107,107,255,0,0.690821925468822,1.0790962146911391,0.2878663109590268,-0.7066210688476964,0.9457002797584834,1.3898404012085974,-0.1468592457865423,-1.3642572386294494,-1.1549608947453749,-0.1308216125437105,1.0779493347290487,0.4565017600722513,-0.7892074397144313,-0.1028233879668304,-0.1783708072457283,0.0,0.0,0.0,0.0,0.0,0.0
108,108,255,0,0.66678302830702,1.0858516301097598,0.7534690421442982,-0.7066210688476964,0.2565167529118527,0.1037740961307769,-0.1468592457865423,-1.566688508957285,-1.4904808462135843,0.3629751321227686,1.2320719158544542,0.4565017600722513,-0.5892494095333457,-0.1028233879668304,1.2152261286172472,0.0,0.0,0.0,0.0,0.0,0.0
109,109,255,0,0.6708132873757271,1.0774280506566096,0.3079353735754525,-0.4483473704324735,0.0267889106296424,0.1037740961307769,-1.4555799416646498,-1.3642572386294494,-1.1549608947453749,-0.1308216125437105,1.0779493347290487,0.4565017600722513,-0.7892074397144313,-0.1028233879668304,0.8411627734814737,0.0,0.0,0.0,0.0,0.0,0.0
110,110,255,0,0.7014000372868198,1.0864501508134925,0.2437142775060512,-0.7066210688476964,-0.2029389316525677,0.1037740961307769,-1.4555799416646498,-1.3136494210474905,-1.210880886656743,-0.2206028388467066,1.2320719158544542,0.4565017600722513,-0.38929137935226,-0.1028233879668304,1.2152261286172472,0.0,0.0,0.0,0.0,0.0,0.0
111,111,255,0,0.5335747115235406,1.0099695759761338,-0.0412666987377107,-0.7066210688476964,0.0267889106296424,0.1037740961307769,-1.4555799416646498,-1.5160806913753262,-1.099040902834007,0.3629751321227686,1.2320719158544542,0.4565017600722513,-1.7889975906198596,-0.1028233879668304,0.6428810701952178,0.0,0.0,0.0,0.0,0.0,0.0
112,112,255,0,0.6681091271565928,1.0814486850689673,0.1433688687270837,-0.7066210688476964,0.4862445951940629,1.3898404012085974,-0.1468592457865423,-1.3642572386294494,-1.1549608947453749,-0.1308216125437105,1.0779493347290487,0.4565017600722513,-0.7892074397144313,-0.1028233879668304,1.2152261286172472,0.0,0.0,0.0,0.0,0.0,0.0
113,113,255,0,0.6548011614748906,1.0781278379904955,0.4805295034703916,-0.7066210688476964,0.7159724374762731,1.3898404012085974,-0.1468592457865423,-1.3642572386294494,-1.1549608947453749,-0.1308216125437105,1.0779493347290487,0.4565017600722513,-0.7892074397144313,-0.1028233879668304,1.2152261286172472,0.0,0.0,0.0,0.0,0.0,0.0
114,114,255,0,0.658175273888998,1.0750400787590144,-0.1135153241568432,-0.7066210688476964,-0.2029389316525677,0.1037740961307769,-1.4555799416646498,-1.3642572386294494,-1.1549608947453749,-0.1308216125437105,1.06082460349289,0.4565017600722513,-0.7892074397144313,-0.1028233879668304,1.2152261286172472,0.0,0.0,0.0,0.0,0.0,0.0
115,115,255,0,0.6601567524187079,1.079374639724846,0.1674517438667945,-0.7066210688476964,0.4862445951940629,1.3898404012085974,-0.1468592457865423,-1.3642572386294494,-1.1549608947453749,-0.1308216125437105,1.0779493347290487,0.4565017600722513,-0.7892074397144313,-0.1028233879668304,1.2152261286172472,0.0,0.0,0.0,0.0,0.0,0.0
116,116,255,0,0.6613835280750956,1.0817705849145869,-0.4627173964700066,-0.7066210688476964,-0.4326667739347779,1.3898404012085974,-1.4555799416646498,-1.3642572386294494,-1.1549608947453749,-0.1308216125437105,1.0779493347290487,0.4565017600722513,-0.7892074397144313,-0.1028233879668304,0.8524127991998429,0.0,0.0,0.0,0.0,0.0,0.0
117,117,255,0,0.5243269169146723,1.007820511846802,0.1273136186339432,-0.7066210688476964,0.0267889106296424,1.3898404012085974,-1.4555799416646498,-1.5160806913753262,-1.099040902834007,0.3629751321227686,1.2320719158544542,0.4565017600722513,-1.7889975906198596,-0.1028233879668304,1.2152261286172472,0.0,0.0,0.0,0.0,0.0,0.0
118,118,255,0,0.6736695002825008,1.080650308268714,-0.542993694784129,-0.7066210688476964,-0.6623946162169881,0.1037740961307769,-1.4555799416646498,-1.3642572386294494,-1.1549608947453749,-0.1308216125437105,1.0779493347290487,0.4565017600722513,-0.7892074397144313,-0.1028233879668304,1.2152261286172472,0.0,0.0,0.0,0.0,0.0,0.0
119,119,255,0,0.6806073595471218,1.082283436377178,-0.109501511633558,-0.7066210688476964,-0.2029389316525677,1.3898404012085974,-1.4555799416646498,-1.3136494210474905,-1.210880886656743,-0.2206028388467066,1.2320719158544542,0.4565017600722513,-0.38929137935226,-0.1028233879668304,1.2152261286172472,0.0,0.0,0.0,0.0,0.0,0.0
120,120,255,0,0.6705001700504883,1.0784080090005863,0.805648509250166,-0.7066210688476964,1.1754281220406937,1.3898404012085974,-0.1468592457865423,-1.3642572386294494,-1.1549608947453749,-0.1308216125437105,1.0779493347290487,0.4565017600722513,-0.7892074397144313,-0.1028233879668304,1.2152261286172472,0.0,0.0,0.0,0.0,0.0,0.0
121,121,255,0,0.68338380710956,1.084951113691162,0.7815656341104554,-0.7066210688476964,0.4862445951940629,1.3898404012085974,-0.1468592457865423,-1.3136494210474905,-1.210880886656743,-0.2206028388467066,1.2320719158544542,0.4565017600722513,-0.38929137935226,-0.1028233879668304,1.2152261286172472,0.0,0.0,0.0,0.0,0.0,0.0
122,122,255,0,0.6606813629526048,1.0797142903303494,0.2196314023663404,-0.7066210688476964,0.4862445951940629,1.3898404012085974,-0.1468592457865423,-1.3642572386294494,-1.1549608947453749,-0.1308216125437105,1.0779493347290487,0.4565017600722513,-0.7892074397144313,-0.1028233879668304,1.2152261286172472,0.0,0.0,0.0,0.0,0.0,0.0
123,123,255,0,0.6871442829102885,1.0634727524317362,0.2758248733891714,-0.4483473704324735,0.4862445951940629,1.3898404012085974,-0.1468592457865423,-1.8197275968670796,-1.434560854302216,0.7669906504862515,0.9409514848397962,0.4565017600722513,-1.7889975906198596,-0.1028233879668304,1.2152261286172472,0.0,0.0,0.0,0.0,0.0,0.0
124,124,255,0,0.7073847390353569,1.086919527464174,-0.193791670319385,-0.7066210688476964,-0.4326667739347779,0.1037740961307769,-1.4555799416646498,-1.3136494210474905,-1.210880886656743,-0.2206028388467066,1.2320719158544542,0.4565017600722513,-0.38929137935226,-0.1028233879668304,1.2152261286172472,0.0,0.0,0.0,0.0,0.0,0.0
125,125,255,0,0.6634835041596131,1.0810415233766963,-1.0808450992369525,-0.7066210688476964,0.9457002797584834,1.3898404012085974,-0.1468592457865423,-1.3642572386294494,-1.1549608947453749,-0.1308216125437105,1.0779493347290487,0.4565017600722513,-0.7892074397144313,-0.1028233879668304,1.2152261286172472,0.0,0.0,0.0,0.0,0.0,0.0
126,126,255,0,0.6734867686162721,1.0884731554480465,0.5808748165525204,-0.7066210688476964,0.9457002797584834,1.3898404012085974,-0.1468592457865423,-1.566688508957285,-1.434560854302216,0.3629751321227686,1.2320719158544542,0.4565017600722513,-0.7892074397144313,-0.1028233879668304,1.2152261286172472,0.0,0.0,0.0,0.0,0.0,0.0
127,127,255,0,0.6575149088748349,1.076121245533932,0.3761702821681389,-0.7066210688476964,0.7159724374762731,1.3898404012085974,-0.1468592457865423,-1.3642572386294494,-1.1549608947453749,-0.1308216125437105,1.06082460349289,0.4565017600722513,-0.7892074397144313,-0.1028233879668304,1.2152261286172472,0.0,0.0,0.0,0.0,0.0,0.0
128,128,255,0,0.7021073794869468,1.0821218171634224,-0.2299160787257906,1.101294820058864,0.9457002797584834,0.1037740961307769,1.1618614500915652,-1.3136494210474905,-1.210880886656743,-0.2206028388467066,1.2320719158544542,0.4565017600722513,-0.38929137935226,-0.1028233879668304,1.2152261286172472,0.0,0.0,0.0,0.0,0.0,0.0
129,129,255,0,0.6832551471430969,1.0845772419485746,0.5608058496329342,-0.7066210688476964,0.2565167529118527,0.1037740961307769,-0.1468592457865423,-1.3136494210474905,-1.210880886656743,-0.2206028388467066,1.2320719158544542,0.4565017600722513,-0.38929137935226,-0.1028233879668304,1.2152261286172472,0.0,0.0,0.0,0.0,0.0,0.0
130,130,255,0,0.5417316766999006,1.01136647348012,0.460460345157127,-0.7066210688476964,0.2565167529118527,0.1037740961307769,-0.1468592457865423,-1.617296326539244,-1.4904808462135843,0.6323188110317571,1.0436998722567372,0.4565017600722513,-0.7892074397144313,-0.1028233879668304,1.2152261286172472,0.0,0.0,0.0,0.0,0.0,0.0
131,131,255,0,0.6561638833551574,1.0795238043070787,-0.6192562284233856,-0.7066210688476964,-0.4326667739347779,0.1037740961307769,-1.4555799416646498,-1.3642572386294494,-1.1549608947453749,-0.1308216125437105,1.0779493347290487,0.4565017600722513,-0.7892074397144313,-0.1028233879668304,1.2152261286172472,0.0,0.0,0.0,0.0,0.0,0.0
132,132,255,0,0.7031042545475207,1.0837265440560726,1.524121620796079,-0.7066210688476964,1.864611648887324,1.3898404012085974,-0.1468592457865423,-1.3136494210474905,-1.210880886656743,-0.2206028388467066,1.2320719158544542,0.4565017600722513,-0.38929137935226,-0.1028233879668304,1.2152261286172472,0.0,0.0,0.0,0.0,0.0,0.0
133,133,255,0,0.6560636014438896,1.0788408947448846,0.7414275088776038,-0.7066210688476964,0.7159724374762731,1.3898404012085974,-0.1468592457865423,-1.3642572386294494,-1.1549608947453749,-0.1308216125437105,1.0779493347290487,0.4565017600722513,-0.7892074397144313,-0.1028233879668304,1.2152261286172472,0.0,0.0,0.0,0.0,0.0,0.0
134,134,255,0,0.6667412281986896,1.0861934922853451,0.8578281677497118,-0.7066210688476964,0.4862445951940629,0.1037740961307769,-0.1468592457865423,-1.566688508957285,-1.4904808462135843,0.3629751321227686,1.2320719158544542,0.4565017600722513,-0.5892494095333457,-0.1028233879668304,1.2152261286172472,0.0,0.0,0.0,0.0,0.0,0.0
135,135,255,0,0.6834892660984656,1.0852970498116392,-0.0252113529477311,-0.7066210688476964,0.0267889106296424,1.3898404012085974,-1.4555799416646498,-1.3136494210474905,-1.210880886656743,-0.2206028388467066,1.2320719158544542,0.4565017600722513,-0.38929137935226,-0.1028233879668304,1.2152261286172472,0.0,0.0,0.0,0.0,0.0,0.0
136,136,255,0,0.6560636014438896,1.0788408947448846,0.918035451295828,-0.7066210688476964,0.7159724374762731,1.3898404012085974,-0.1468592457865423,-1.3642572386294494,-1.1549608947453749,-0.1308216125437105,1.0779493347290487,0.4565017600722513,-0.7892074397144313,-0.1028233879668304,1.2152261286172472,0.0,0.0,0.0,0.0,0.0,0.0
137,137,255,0,0.7092272034433323,1.0881090611731972,0.6250268500054956,-0.4483473704324735,0.2565167529118527,0.1037740961307769,-0.1468592457865423,-1.3136494210474905,-1.210880886656743,-0.2206028388467066,1.2320719158544542,0.4565017600722513,-0.38929137935226,-0.1028233879668304,1.2152261286172472,0.0,0.0,0.0,0.0,0.0,0.0
138,138,255,0,0.8532916602882838,1.2218315298920437,0.8016347924237199,1.6178422168893098,0.7159724374762731,1.3898404012085974,-0.1468592457865423,-1.7691197792851208,-1.378640862390848,1.0812249425467382,1.146448259673672,0.4565017600722513,-1.7889975906198596,-0.1028233879668304,0.4516306329829424,0.0,0.0,0.0,0.0,0.0,0.0
139,139,255,0,0.3257685408611486,0.8998896062421406,0.0831616808778066,-0.4483473704324735,-0.2029389316525677,1.3898404012085974,-1.4555799416646498,-1.2124337858835723,-1.0431209109226385,-0.0859309993922123,1.2320719158544542,0.4565017600722513,-0.5892494095333457,-0.1028233879668304,0.3025677922145517,0.0,0.0,0.0,0.0,0.0,0.0
140,140,255,0,0.3371395125320937,0.8980833354757992,0.6129853167388007,-0.7066210688476964,0.0267889106296424,0.1037740961307769,-1.4555799416646498,-1.2124337858835723,-1.0431209109226385,-0.0859309993922123,1.2320719158544542,0.4565017600722513,-0.5892494095333457,-0.1028233879668304,1.2152261286172472,0.0,0.0,0.0,0.0,0.0,0.0
141,141,255,0,0.3272430492696529,0.9018979446750868,-0.1536535450865337,-0.7066210688476964,0.0267889106296424,1.3898404012085974,-1.4555799416646498,-1.2124337858835723,-1.0431209109226385,-0.0859309993922123,1.2320719158544542,0.4565017600722513,-0.5892494095333457,-0.1028233879668304,-0.2107146311860395,0.0,0.0,0.0,0.0,0.0,0.0
142,142,255,0,0.5955535345337242,0.9209794295573688,0.4684879702036971,1.101294820058864,0.7159724374762731,0.1037740961307769,-0.1468592457865423,-1.7691197792851208,-1.378640862390848,0.9016624899407456,0.6840805162974559,0.0851689184159778,-1.1891235000766027,-0.1028233879668304,0.218192599326783,0.0,0.0,0.0,0.0,0.0,0.0
143,143,255,0,0.3294059172602815,0.902889892056886,0.2517419025526217,-0.7066210688476964,0.0267889106296424,0.1037740961307769,1.1618614500915652,-1.2124337858835723,-1.0431209109226385,-0.0859309993922123,1.2320719158544542,0.4565017600722513,-0.5892494095333457,-0.1028233879668304,-0.1221206786538829,0.0,0.0,0.0,0.0,0.0,0.0
144,144,255,0,0.1101848656388373,0.670736433426787,0.5046123786101024,-0.1900736720172506,-0.2029389316525677,-1.1822922089470431,1.1618614500915652,-0.959394697973778,-0.931280927099902,1.4403498477587229,-3.8025990675754646,0.4565017600722513,1.8102469526396825,-0.0652078844097142,-0.3766525105319843,0.0,0.0,0.0,0.0,0.0,0.0
145,145,255,0,0.1109735071322282,0.6710436670707962,-0.1416121075166783,-0.7066210688476964,-0.6623946162169881,-1.1822922089470431,-0.1468592457865423,-0.959394697973778,-0.931280927099902,1.4403498477587229,-3.8025990675754646,0.4565017600722513,1.8102469526396825,-0.0652078844097142,-0.124933185083475,0.0,0.0,0.0,0.0,0.0,0.0
146,146,255,0,-1.9956367147626817,0.7250042311392603,0.0229543973316905,0.0682000263979722,-0.2029389316525677,0.1037740961307769,-1.4555799416646498,0.761271099812825,1.4173587331775634,0.542537584728761,0.6498310538251443,0.4565017600722513,0.6104987715531683,-0.1028233879668304,-0.3864962830355577,0.0,0.0,0.0,0.0,0.0,0.0
147,147,255,0,-2.167866966620705,0.7209556029055773,0.2718109651690472,0.3264737248131952,0.0267889106296424,0.1037740961307769,-1.4555799416646498,0.6094476470669483,1.2495987574434588,0.9016624899407456,0.6669557850613032,0.4565017600722513,0.210582711190997,-0.1028233879668304,-0.3822775233911692,0.0,0.0,0.0,0.0,0.0,0.0
148,148,255,0,-2.132006883777142,0.7053867897069303,-0.6433391035630964,-0.4483473704324735,-0.6623946162169881,-1.1822922089470431,-1.4555799416646498,0.7106632822308662,1.3614387412661952,1.03633432939524,0.6669557850613032,0.4565017600722513,0.210582711190997,-0.1028233879668304,0.1141298614318686,0.0,0.0,0.0,0.0,0.0,0.0
149,149,255,0,-2.130445515510503,0.7047332125479525,-0.1135153241568432,0.0682000263979722,-0.2029389316525677,0.1037740961307769,-1.4555799416646498,0.7106632822308662,1.3614387412661952,1.03633432939524,0.6669557850613032,0.4565017600722513,0.210582711190997,-0.1028233879668304,-0.392121295894742,0.0,0.0,0.0,0.0,0.0,0.0
150,150,255,0,-2.087529075847513,0.7236801408504011,-0.547007507307414,-0.4483473704324735,-0.6623946162169881,0.1037740961307769,-1.4555799416646498,0.7106632822308662,1.3614387412661952,0.9016624899407456,0.6669557850613032,-0.2861639232402956,1.2103728620964254,-0.1028233879668304,1.2152261286172472,0.0,0.0,0.0,0.0,0.0,0.0
151,151,255,0,-2.0722680096912955,0.7242800583352385,0.2517419025526217,0.5847474232284181,0.2565167529118527,0.1037740961307769,-0.1468592457865423,0.7106632822308662,1.3614387412661952,0.9016624899407456,0.6669557850613032,-0.2861639232402956,1.2103728620964254,-0.1028233879668304,1.2152261286172472,0.0,0.0,0.0,0.0,0.0,0.0
152,152,255,0,-1.6432658281606956,0.6594990384364846,-0.0492943237842808,0.3264737248131952,0.0267889106296424,0.1037740961307769,-1.4555799416646498,0.1539772888293181,0.7463188302411448,1.3056780083042288,0.5642073976443622,-2.142828131521663,-1.7889975906198596,-0.1028233879668304,1.2152261286172472,0.0,0.0,0.0,0.0,0.0,0.0
153,153,255,0,-2.1848727079406403,0.7207456201460429,0.2156175898430553,-0.7066210688476964,0.2565167529118527,1.3898404012085974,-0.1468592457865423,0.6600554646489073,1.305518749354827,0.9465531030922438,0.6498310538251443,0.4565017600722513,0.0106246810099113,-0.1028233879668304,0.6302247912620528,0.0,0.0,0.0,0.0,0.0,0.0
154,154,255,0,-1.8871798144187697,0.5818826477634531,-0.1375982949933931,0.0682000263979722,0.0267889106296424,0.1037740961307769,-1.4555799416646498,0.4576241943210716,1.0818387817093542,1.1710061688497344,0.5128332039358917,0.4565017600722513,0.6104987715531683,-0.1028233879668304,-0.2219646569044087,0.0,0.0,0.0,0.0,0.0,0.0
155,155,255,0,-1.858490751077113,0.5896499728938399,0.1835070896567742,1.3595685184740869,0.9457002797584834,0.1037740961307769,-0.1468592457865423,0.4576241943210716,1.0818387817093542,1.3056780083042288,0.5470826664082095,0.0851689184159778,0.210582711190997,-0.1028233879668304,0.2997552857849596,0.0,0.0,0.0,0.0,0.0,0.0
156,156,255,0,-1.874249583660963,0.5838434374395974,0.2677971526457621,0.3264737248131952,0.0267889106296424,0.1037740961307769,-1.4555799416646498,0.4576241943210716,1.0818387817093542,1.3056780083042288,0.5470826664082095,0.0851689184159778,0.210582711190997,-0.1028233879668304,-0.3752462573171885,0.0,0.0,0.0,0.0,0.0,0.0
157,157,255,0,-1.8892771060926616,0.5854561376243932,-0.2499851413422159,0.0682000263979722,-0.2029389316525677,0.1037740961307769,-1.4555799416646498,0.4576241943210716,1.0818387817093542,1.3056780083042288,0.5470826664082095,0.0851689184159778,0.210582711190997,-0.1028233879668304,0.813037709185551,0.0,0.0,0.0,0.0,0.0,0.0
158,158,255,0,-0.6522889929639321,0.4728310581184282,-0.0653495738774215,-0.7066210688476964,-0.2029389316525677,0.1037740961307769,-1.4555799416646498,0.0021538360834413,0.57855885450704,1.485240460910221,-1.096891532262785,-0.657496764896569,-0.7892074397144313,-0.1028233879668304,0.12819239357983,0.0,0.0,0.0,0.0,0.0,0.0
159,159,255,0,-0.6317866150591466,0.4584655136430101,0.2156175898430553,1.101294820058864,0.9457002797584834,1.3898404012085974,-0.1468592457865423,-0.1496696166624354,0.4107988787729354,1.6199123003647151,-1.4393861569859074,-2.5141609731779364,0.6104987715531683,-0.1028233879668304,0.2997552857849596,0.0,0.0,0.0,0.0,0.0,0.0
160,160,255,0,-0.6516702363144862,0.4728368198404898,0.0831616808778066,-0.7066210688476964,-0.4326667739347779,0.1037740961307769,-1.4555799416646498,0.0527616536654002,0.6344788464184083,1.4403498477587229,-1.096891532262785,-1.0288296065528426,-0.7892074397144313,-0.1028233879668304,0.8889753827845427,0.0,0.0,0.0,0.0,0.0,0.0
161,161,255,0,0.5620030035471755,0.2701497390148825,-0.109501511633558,-0.4483473704324735,-0.6623946162169881,-1.1822922089470431,-0.1468592457865423,-1.5160806913753262,-1.6023208300363208,1.1710061688497344,-0.7886463700119744,-1.400162448209116,0.6104987715531683,-0.1028233879668304,-0.3752462573171885,0.0,0.0,0.0,0.0,0.0,0.0
162,162,255,0,0.4979562256363776,0.1332262553965781,1.59637043760889,0.843021121643641,0.4862445951940629,-1.1822922089470431,-0.1468592457865423,-1.566688508957285,-1.658240821947689,1.530131074061719,-0.822895832484286,-2.5141609731779364,0.210582711190997,-0.1028233879668304,0.1352236596538107,0.0,0.0,0.0,0.0,0.0,0.0
163,163,255,0,0.5804982092776796,0.2330554813937096,1.1588643940866143,0.3264737248131952,0.0267889106296424,-1.1822922089470431,1.1618614500915652,-1.5160806913753262,-1.881920789593162,1.2607873951527306,-0.9941431448458502,-1.7714952898653895,3.2099531639072825,-0.0652078844097142,0.0508484667660425,0.0,0.0,0.0,0.0,0.0,0.0
164,164,255,0,0.5210881754935983,0.2111188595332342,3.803969430746174,1.6178422168893098,1.4051559643229037,-1.1822922089470431,2.4705821459696726,-1.465472873793367,-1.7700808057704254,1.2607873951527306,-0.9598936823735386,-1.7714952898653895,3.0099951337261963,-0.0652078844097142,1.2152261286172472,0.0,0.0,0.0,0.0,0.0,0.0
165,165,255,0,0.5501308140635095,0.2304219670175991,0.2196314023663404,-0.1900736720172506,-0.4326667739347779,-1.1822922089470431,-0.1468592457865423,-1.5160806913753262,-1.881920789593162,1.2607873951527306,-0.9941431448458502,-1.7714952898653895,3.2099531639072825,-0.0652078844097142,0.7272562630829865,0.0,0.0,0.0,0.0,0.0,0.0
166,166,255,0,0.5541098775866964,0.231953828495911,0.3039215610521676,-0.1900736720172506,-0.4326667739347779,-1.1822922089470431,-0.1468592457865423,-1.5160806913753262,-1.881920789593162,1.2607873951527306,-0.9941431448458502,-1.7714952898653895,3.2099531639072825,-0.0652078844097142,-0.2922773176442161,0.0,0.0,0.0,0.0,0.0,0.0
167,167,255,0,0.5210705350809097,0.2109563673312874,0.0992169309709472,-0.1900736720172506,-0.4326667739347779,-1.1822922089470431,-0.1468592457865423,-1.465472873793367,-1.7141608138590572,0.8118812636377496,-0.9770184136096912,-1.0288296065528426,2.410121043182939,-0.027592380852598,-0.2922773176442161,0.0,0.0,0.0,0.0,0.0,0.0
168,168,255,0,0.5267384763755002,0.2139890119083116,0.2397004649827666,-0.1900736720172506,-0.4326667739347779,-1.1822922089470431,-0.1468592457865423,-1.465472873793367,-1.7700808057704254,1.2607873951527306,-0.9598936823735386,-1.7714952898653895,3.0099951337261963,-0.0652078844097142,1.2152261286172472,0.0,0.0,0.0,0.0,0.0,0.0
169,169,255,0,0.594609197223986,0.1932224270205948,1.7288263465741385,0.5847474232284181,0.2565167529118527,-1.1822922089470431,1.1618614500915652,-1.465472873793367,-1.5464008381249523,1.2158967820012323,-0.7543969075396627,-2.5141609731779364,0.210582711190997,0.160485136932983,-0.3766525105319843,0.0,0.0,0.0,0.0,0.0,0.0
170,170,255,0,0.1642247359642694,-0.2400289247322593,-0.0613357613541362,-0.4483473704324735,-0.6623946162169881,-1.1822922089470431,-0.1468592457865423,-1.617296326539244,-1.9378407815045304,1.1261155556982363,-2.107250675195999,-1.7714952898653895,1.8102469526396825,-0.0652078844097142,-0.2079021247564474,0.0,0.0,0.0,0.0,0.0,0.0
171,171,255,0,0.1372556128598429,-0.2801963335825181,0.8417729176565713,0.3264737248131952,0.0267889106296424,-1.1822922089470431,-1.4555799416646498,-1.6679041441212028,-1.9378407815045304,0.991443716243742,-2.6723668059891565,-2.5141609731779364,1.6102889224585968,-0.1028233879668304,0.2195988525415794,0.0,0.0,0.0,0.0,0.0,0.0
172,172,255,0,0.216215825750707,-0.221795518777903,0.0911893059243769,-0.1900736720172506,-0.4326667739347779,-1.1822922089470431,-0.1468592457865423,-1.617296326539244,-1.8260007976817936,1.2607873951527306,-2.0901259439598467,-1.400162448209116,1.0104148319153397,-0.027592380852598,-0.2880585579998276,0.0,0.0,0.0,0.0,0.0,0.0
173,173,255,0,0.2555345799431141,0.1346329303683035,0.8498005427031415,0.0682000263979722,-0.4326667739347779,-1.1822922089470431,-0.1468592457865423,-1.465472873793367,-1.434560854302216,1.4403498477587229,-0.5660248639419457,-2.142828131521663,-0.1893333491711743,-0.1028233879668304,-0.0307142196921334,0.0,0.0,0.0,0.0,0.0,0.0
174,174,255,0,0.2784038410461549,0.1435613879919011,-0.2299160787257906,-0.1900736720172506,-0.4326667739347779,-1.1822922089470431,-0.1468592457865423,-1.465472873793367,-1.434560854302216,1.4403498477587229,-0.5660248639419457,-2.142828131521663,-0.1893333491711743,-0.1028233879668304,-0.2022771118972631,0.0,0.0,0.0,0.0,0.0,0.0
175,175,255,0,0.2821957627999382,-0.1546811760423093,0.0269682098549756,-0.1900736720172506,-0.4326667739347779,-1.1822922089470431,-0.1468592457865423,-1.566688508957285,-1.8260007976817936,1.0812249425467382,-1.8503797066536591,-1.7714952898653895,1.8102469526396825,0.0100231227045181,-0.2908710644294198,0.0,0.0,0.0,0.0,0.0,0.0
176,176,255,0,0.1894704674463753,-0.2298523267924176,-0.1817502327495296,-0.4483473704324735,-0.6623946162169881,-1.1822922089470431,-0.1468592457865423,-1.617296326539244,-1.8260007976817936,1.2607873951527306,-2.0901259439598467,-1.400162448209116,1.0104148319153397,-0.027592380852598,1.2152261286172472,0.0,0.0,0.0,0.0,0.0,0.0
177,177,255,0,0.1991928275053146,-0.2265523732313166,0.3922255322612794,-0.1900736720172506,-0.4326667739347779,-1.1822922089470431,-0.1468592457865423,-1.617296326539244,-1.8260007976817936,1.2607873951527306,-2.0901259439598467,-1.400162448209116,1.0104148319153397,-0.027592380852598,-0.2866523047850313,0.0,0.0,0.0,0.0,0.0,0.0
178,178,255,0,0.2334075583783475,-0.2056512317637647,2.266677798875381,1.3595685184740869,0.9457002797584834,-1.1822922089470431,1.1618614500915652,-1.617296326539244,-1.8260007976817936,1.2607873951527306,-2.0901259439598467,-1.400162448209116,1.0104148319153397,-0.027592380852598,0.554287117663061,0.0,0.0,0.0,0.0,0.0,0.0
179,179,255,0,0.2886191739423206,-0.1504291997593431,0.0751340558312364,-0.4483473704324735,-0.6623946162169881,-1.1822922089470431,-0.1468592457865423,-1.566688508957285,-1.8260007976817936,1.0812249425467382,-1.8503797066536591,-1.7714952898653895,1.6102889224585968,0.0852541298187505,-0.2093083779712438,0.0,0.0,0.0,0.0,0.0,0.0
180,180,255,0,0.2325985920616386,-0.2171865485240403,3.4507535459097274,1.101294820058864,0.7159724374762731,-1.1822922089470431,1.1618614500915652,-1.617296326539244,-1.8260007976817936,1.2607873951527306,-2.0901259439598467,-1.400162448209116,1.0104148319153397,-0.027592380852598,1.2152261286172472,0.0,0.0,0.0,0.0,0.0,0.0
181,181,255,0,0.1858637700258316,-0.2311271223480934,-0.0974600740637026,-0.1900736720172506,-0.4326667739347779,-1.1822922089470431,-0.1468592457865423,-1.617296326539244,-1.8260007976817936,1.2607873951527306,-2.0901259439598467,-1.400162448209116,1.0104148319153397,-0.027592380852598,-0.289464811214624,0.0,0.0,0.0,0.0,0.0,0.0
182,182,255,0,0.1977066227362223,-0.2279133036218354,1.3154031781915738,0.3264737248131952,0.0267889106296424,-1.1822922089470431,1.1618614500915652,-1.617296326539244,-1.8260007976817936,1.2607873951527306,-2.0901259439598467,-1.400162448209116,1.0104148319153397,-0.027592380852598,-0.3710274976728,0.0,0.0,0.0,0.0,0.0,0.0
183,183,255,0,0.1623830385307596,-0.2407149770519405,2.290760482621413,0.5847474232284181,0.2565167529118527,-1.1822922089470431,1.1618614500915652,-1.617296326539244,-1.8260007976817936,1.2607873951527306,-2.0901259439598467,-1.400162448209116,1.0104148319153397,-0.027592380852598,-0.2121208844008359,0.0,0.0,0.0,0.0,0.0,0.0
184,184,255,0,0.2334420722292618,-0.2085538011003328,0.4243360324475606,-0.1900736720172506,-0.4326667739347779,-1.1822922089470431,-0.1468592457865423,-1.617296326539244,-1.8260007976817936,1.2607873951527306,-2.0901259439598467,-1.400162448209116,1.0104148319153397,-0.027592380852598,-0.2880585579998276,0.0,0.0,0.0,0.0,0.0,0.0
185,185,255,0,0.2338779054688647,-0.2121166405053434,0.5848887247726443,0.0682000263979722,-0.2029389316525677,-1.1822922089470431,1.1618614500915652,-1.617296326539244,-1.8260007976817936,1.2607873951527306,-2.0901259439598467,-1.400162448209116,1.0104148319153397,-0.027592380852598,-0.2866523047850313,0.0,0.0,0.0,0.0,0.0,0.0
186,186,255,0,0.2127510186061444,-0.2232594617749565,1.459900620423517,0.3264737248131952,0.0267889106296424,-1.1822922089470431,1.1618614500915652,-1.617296326539244,-1.8260007976817936,1.2607873951527306,-2.0901259439598467,-1.400162448209116,1.0104148319153397,-0.027592380852598,0.8074126963263661,0.0,0.0,0.0,0.0,0.0,0.0
187,187,255,0,0.1753243904183047,-0.2364052671499447,0.4323636574941309,-0.1900736720172506,-0.4326667739347779,-1.1822922089470431,-0.1468592457865423,-1.566688508957285,-1.7700808057704254,1.0812249425467382,-2.038751750251376,-1.7714952898653895,1.410330892277511,0.0100231227045181,1.2152261286172472,0.0,0.0,0.0,0.0,0.0,0.0
188,188,255,0,0.1299653288286653,-0.2572513521622533,0.7374137920511578,1.3595685184740869,0.9457002797584834,-1.1822922089470431,-0.1468592457865423,-1.6679041441212028,-1.9378407815045304,1.0812249425467382,-2.3812463749744985,-3.0711602356623464,1.6102889224585968,0.2733316476043316,0.8960066488585233,0.0,0.0,0.0,0.0,0.0,0.0
189,189,255,0,0.1990181490709647,-0.2266247148527423,0.5005985660868173,0.0682000263979722,-0.2029389316525677,-1.1822922089470431,1.1618614500915652,-1.566688508957285,-1.6023208300363208,1.0812249425467382,-2.038751750251376,-2.5141609731779364,0.0106246810099113,-0.0652078844097142,0.8102252027559589,0.0,0.0,0.0,0.0,0.0,0.0
190,190,255,0,0.2354711031757896,-0.2133017510741986,0.5929163498192143,-0.1900736720172506,-0.2029389316525677,-1.1822922089470431,1.1618614500915652,-1.617296326539244,-1.8260007976817936,1.2607873951527306,-2.0901259439598467,-1.400162448209116,1.0104148319153397,-0.027592380852598,1.2152261286172472,0.0,0.0,0.0,0.0,0.0,0.0
191,191,255,0,0.191005183350364,-0.229346575633779,-0.2820956415284972,-0.4483473704324735,-0.6623946162169881,-1.1822922089470431,-0.1468592457865423,-1.566688508957285,-1.7700808057704254,1.0812249425467382,-2.038751750251376,-1.7714952898653895,1.410330892277511,0.0100231227045181,0.8946003956437271,0.0,0.0,0.0,0.0,0.0,0.0
192,192,255,0,0.1632146305941777,-0.2529731280343452,0.5648195664593795,0.843021121643641,0.4862445951940629,-1.1822922089470431,1.1618614500915652,-1.7185119617031617,-2.0496807653272664,1.2607873951527306,-2.638117343516845,-2.5141609731779364,2.210163013001854,-0.1028233879668304,1.2152261286172472,0.0,0.0,0.0,0.0,0.0,0.0
193,193,255,0,1.4870234861594998,-0.0427181125811693,0.3841979072147094,-0.7066210688476964,0.0267889106296424,0.1037740961307769,-1.4555799416646498,-2.3764135902686276,-2.0496807653272664,1.0812249425467382,-0.8400205637204449,-0.657496764896569,-1.1891235000766027,-0.1028233879668304,-0.3752462573171885,0.0,0.0,0.0,0.0,0.0,0.0
194,194,255,0,0.6551194558777699,-0.0184281473546745,0.621012941785371,1.3595685184740869,0.9457002797584834,0.1037740961307769,-0.1468592457865423,-2.022158867194915,0.2663146665471244,1.6199123003647151,-1.4565108882220663,-1.400162448209116,0.0362050362160249,-0.1028233879668304,0.3025677922145517,0.0,0.0,0.0,0.0,0.0,0.0
195,195,255,0,0.4584896371158863,0.2025620620821418,0.7374137920511578,0.5847474232284181,0.0267889106296424,-1.1822922089470431,1.1618614500915652,-1.5160806913753262,-1.8260007976817936,1.4403498477587229,-0.925644219901227,-1.400162448209116,2.610079073364025,-0.1028233879668304,-0.0307142196921334,0.0,0.0,0.0,0.0,0.0,0.0
196,196,255,0,0.3040489744807853,-0.1408205097373377,0.6852341335516119,0.0682000263979722,-0.2029389316525677,-1.1822922089470431,1.1618614500915652,-1.566688508957285,-1.8260007976817936,1.0812249425467382,-1.8503797066536591,-1.7714952898653895,1.8102469526396825,0.0100231227045181,-0.3682149912432078,0.0,0.0,0.0,0.0,0.0,0.0
197,197,255,0,0.3493531973961951,-0.101336941636677,0.1513964937736542,0.5847474232284181,0.2565167529118527,0.1037740961307769,-0.1468592457865423,-1.617296326539244,-1.881920789593162,1.4403498477587229,-1.6962571255282537,-1.7714952898653895,1.6102889224585968,0.1981006404900992,0.0367859346180811,0.0,0.0,0.0,0.0,0.0,0.0
198,198,255,0,0.3554374140815359,-0.1498213089823601,2.34294014112096,1.3595685184740869,0.9457002797584834,-1.1822922089470431,1.1618614500915652,-1.617296326539244,-1.8260007976817936,1.1261155556982363,-1.3366377695689726,-0.657496764896569,1.2103728620964254,-0.1028233879668304,0.5613183837370418,0.0,0.0,0.0,0.0,0.0,0.0
199,199,255,0,0.3424038335146031,-0.1073556714205395,0.8939525761561171,0.0682000263979722,-0.2029389316525677,-1.1822922089470431,-1.4555799416646498,-1.617296326539244,-1.881920789593162,1.4403498477587229,-1.6962571255282537,-1.7714952898653895,1.6102889224585968,0.1981006404900992,0.8946003956437271,0.0,0.0,0.0,0.0,0.0,0.0
200,200,255,0,0.3337872588902341,-0.110556628120784,0.0952031184476619,-0.1900736720172506,-0.4326667739347779,-1.1822922089470431,-0.1468592457865423,-1.617296326539244,-1.881920789593162,1.4403498477587229,-1.6962571255282537,-1.7714952898653895,1.6102889224585968,0.1981006404900992,0.8946003956437271,0.0,0.0,0.0,0.0,0.0,0.0
201,201,255,0,0.3571876498101236,-0.1153276831821038,1.6886882213412877,0.0682000263979722,0.0267889106296424,-1.1822922089470431,1.1618614500915652,-1.617296326539244,-1.7700808057704254,0.9465531030922438,-1.216764650915879,-1.0288296065528426,0.810456801734254,-0.0652078844097142,-0.293683570859012,0.0,0.0,0.0,0.0,0.0,0.0
202,202,255,0,0.3594640300215365,-0.1464178772210229,0.0630925225645419,-0.1900736720172506,-0.6623946162169881,-1.1822922089470431,-0.1468592457865423,-1.617296326539244,-1.881920789593162,0.9465531030922438,-1.3537625008051315,-1.7714952898653895,1.6102889224585968,-0.027592380852598,-0.3766525105319843,0.0,0.0,0.0,0.0,0.0,0.0
203,203,255,0,0.3712510853396149,-0.1156123355315747,0.1152721810640877,-0.4483473704324735,-0.6623946162169881,-1.1822922089470431,-0.1468592457865423,-1.566688508957285,-1.7141608138590572,0.8118812636377496,-1.2338893821520376,-1.400162448209116,0.810456801734254,0.0100231227045181,1.2152261286172472,0.0,0.0,0.0,0.0,0.0,0.0
204,204,255,0,0.405442423491473,-0.1235137516480959,0.3199768111453079,-0.1900736720172506,-0.4326667739347779,-1.1822922089470431,-0.1468592457865423,-1.6679041441212028,-1.9937607734158984,0.9465531030922438,-1.6448829318197833,-1.400162448209116,2.210163013001854,-0.0652078844097142,1.2152261286172472,0.0,0.0,0.0,0.0,0.0,0.0
205,205,255,0,0.3401999323901097,-0.1168560527076516,0.3199768111453079,-0.1900736720172506,-0.4326667739347779,-1.1822922089470431,-0.1468592457865423,-1.566688508957285,-1.7141608138590572,1.2607873951527306,-1.6620076630559422,-1.7714952898653895,0.810456801734254,0.2733316476043316,0.7160062373646173,0.0,0.0,0.0,0.0,0.0,0.0
206,206,255,0,0.3555177546567199,-0.1125991876908159,-0.0814048239705621,-0.4483473704324735,-0.6623946162169881,-1.1822922089470431,-0.1468592457865423,-1.566688508957285,-1.7141608138590572,1.2607873951527306,-1.6620076630559422,-1.7714952898653895,0.810456801734254,0.2733316476043316,0.3855367318875242,0.0,0.0,0.0,0.0,0.0,0.0
207,207,255,0,0.3654573602328036,-0.1199291457375241,1.2792789611788469,0.0682000263979722,-0.2029389316525677,-1.1822922089470431,1.1618614500915652,-1.566688508957285,-1.7141608138590572,0.8118812636377496,-1.2338893821520376,-1.400162448209116,0.810456801734254,0.0100231227045181,-0.2036833651120589,0.0,0.0,0.0,0.0,0.0,0.0
208,208,255,0,0.3186128608485347,-0.1341099659117333,-0.0894324490171325,-0.4483473704324735,-0.6623946162169881,-1.1822922089470431,-0.1468592457865423,-1.566688508957285,-1.8260007976817936,1.0812249425467382,-1.8503797066536591,-1.7714952898653895,1.6102889224585968,0.0852541298187505,-0.1207144254390865,0.0,0.0,0.0,0.0,0.0,0.0
209,209,255,0,0.3550247818194949,-0.1089776834793727,0.1835070896567742,-0.1900736720172506,-0.4326667739347779,-1.1822922089470431,-0.1468592457865423,-1.566688508957285,-1.7141608138590572,1.3056780083042288,-1.6791323942920948,-2.5141609731779364,0.810456801734254,0.348562654718564,1.0619445282044682,0.0,0.0,0.0,0.0,0.0,0.0
210,210,255,0,0.3971721378379444,-0.1125578662497765,2.025848664690917,0.0682000263979722,0.2565167529118527,-1.1822922089470431,1.1618614500915652,-1.566688508957285,-1.7141608138590572,0.991443716243742,-1.2510141133881905,-1.400162448209116,0.810456801734254,-0.0790826667590213,1.2152261286172472,0.0,0.0,0.0,0.0,0.0,0.0
211,211,255,0,0.4053166396792508,-0.1220520202211256,-0.1215429492034134,-0.4483473704324735,-0.6623946162169881,-1.1822922089470431,-0.1468592457865423,-1.6679041441212028,-1.9937607734158984,0.9465531030922438,-1.6448829318197833,-1.400162448209116,2.210163013001854,-0.0652078844097142,0.2167863461119872,0.0,0.0,0.0,0.0,0.0,0.0
212,212,255,0,0.3696799381485507,-0.1194726893120696,0.3400458737617342,-0.4483473704324735,-0.6623946162169881,-1.1822922089470431,-0.1468592457865423,-1.566688508957285,-1.7141608138590572,0.8118812636377496,-1.2338893821520376,-1.400162448209116,0.810456801734254,0.0100231227045181,0.6400685637656256,0.0,0.0,0.0,0.0,0.0,0.0
213,213,255,0,0.3654573602328036,-0.1199291457375241,1.2792789611788469,-0.1900736720172506,-0.4326667739347779,-1.1822922089470431,-0.1468592457865423,-1.566688508957285,-1.658240821947689,0.9465531030922438,-1.1825151884435672,-1.400162448209116,0.210582711190997,0.1228696333758667,-0.3710274976728,0.0,0.0,0.0,0.0,0.0,0.0
214,214,255,0,0.3347593990243206,-0.1185011698539389,0.9983117017615308,0.0682000263979722,-0.2029389316525677,-1.1822922089470431,1.1618614500915652,-1.566688508957285,-1.7141608138590572,1.3056780083042288,-1.6791323942920948,-2.5141609731779364,0.810456801734254,0.348562654718564,-0.3752462573171885,0.0,0.0,0.0,0.0,0.0,0.0
215,215,255,0,0.3297205685344501,-0.1314742399655396,1.2230853944591766,0.0682000263979722,-0.2029389316525677,-1.1822922089470431,-1.4555799416646498,-1.566688508957285,-1.658240821947689,0.991443716243742,-1.7990055129451887,-1.7714952898653895,0.210582711190997,0.348562654718564,0.0438172006920618,0.0,0.0,0.0,0.0,0.0,0.0
216,216,255,0,0.3331196076186605,-0.1243609575878312,0.3681425614247296,0.5847474232284181,0.2565167529118527,0.1037740961307769,-0.1468592457865423,-1.566688508957285,-1.7141608138590572,1.6199123003647151,-1.8503797066536591,-1.400162448209116,1.0104148319153397,-0.1028233879668304,0.1408486725129955,0.0,0.0,0.0,0.0,0.0,0.0
217,217,255,0,0.3574560908727896,-0.1148867659464484,0.3561011238548742,-0.1900736720172506,-0.4326667739347779,-1.1822922089470431,-0.1468592457865423,-1.566688508957285,-1.658240821947689,0.9465531030922438,-1.1825151884435672,-1.400162448209116,0.210582711190997,0.1228696333758667,0.0438172006920618,0.0,0.0,0.0,0.0,0.0,0.0
218,218,255,0,0.3653001304675293,-0.1216013255177319,0.2517419025526217,-0.4483473704324735,-0.6623946162169881,-1.1822922089470431,-0.1468592457865423,-1.566688508957285,-1.6023208300363208,0.991443716243742,-1.1825151884435672,-2.5141609731779364,0.0106246810099113,0.1981006404900992,0.1324111532242185,0.0,0.0,0.0,0.0,0.0,0.0
219,219,255,0,0.3339467895789051,-0.1294961069240011,-0.0292252611678553,-0.4483473704324735,-0.6623946162169881,-1.1822922089470431,-0.1468592457865423,-1.566688508957285,-1.658240821947689,1.6199123003647151,-1.8503797066536591,-2.8854938148342097,0.6104987715531683,-0.1028233879668304,0.0578797328400232,0.0,0.0,0.0,0.0,0.0,0.0
220,220,255,0,0.3348750204248831,-0.1192191153421968,0.2316728399361958,-0.4483473704324735,-0.6623946162169881,0.1037740961307769,-0.1468592457865423,-1.566688508957285,-1.6023208300363208,0.991443716243742,-1.1825151884435672,-2.5141609731779364,0.0106246810099113,0.1981006404900992,-0.1164956657946985,0.0,0.0,0.0,0.0,0.0,0.0
221,221,255,0,0.3542927046928791,-0.1157002163427994,3.306256295071461,1.3595685184740869,0.9457002797584834,-1.1822922089470431,1.1618614500915652,-1.566688508957285,-1.6023208300363208,0.991443716243742,-1.1825151884435672,-2.5141609731779364,0.0106246810099113,0.1981006404900992,1.2152261286172472,0.0,0.0,0.0,0.0,0.0,0.0
222,222,255,0,0.3666101228533406,-0.1324568172740887,0.8457868258766955,-0.1900736720172506,-0.2029389316525677,-1.1822922089470431,1.1618614500915652,-1.566688508957285,-1.6023208300363208,0.991443716243742,-1.1825151884435672,-2.5141609731779364,0.0106246810099113,0.1981006404900992,-0.1164956657946985,0.0,0.0,0.0,0.0,0.0,0.0
223,223,255,0,0.338192760215827,-0.1172787535897218,3.3664633872239,1.101294820058864,0.7159724374762731,-1.1822922089470431,1.1618614500915652,-1.566688508957285,-1.658240821947689,0.9465531030922438,-1.1825151884435672,-2.5141609731779364,0.6104987715531683,0.1981006404900992,1.2152261286172472,0.0,0.0,0.0,0.0,0.0,0.0
224,224,255,0,0.360360623170844,-0.117257452677862,1.59637043760889,0.0682000263979722,-0.2029389316525677,-1.1822922089470431,1.1618614500915652,-1.566688508957285,-1.658240821947689,0.9465531030922438,-1.1825151884435672,-2.5141609731779364,0.6104987715531683,0.1981006404900992,-0.2796210387110506,0.0,0.0,0.0,0.0,0.0,0.0
225,225,255,0,0.3650616014089856,-0.1184380819073374,2.7563635008972027,1.101294820058864,0.7159724374762731,-1.1822922089470431,1.1618614500915652,-1.566688508957285,-1.658240821947689,0.9465531030922438,-1.1825151884435672,-1.400162448209116,0.210582711190997,0.1228696333758667,1.2152261286172472,0.0,0.0,0.0,0.0,0.0,0.0
226,226,255,0,0.3769769332062958,-0.1155394701172349,1.8693098805859567,0.3264737248131952,0.0267889106296424,-1.1822922089470431,1.1618614500915652,-1.566688508957285,-1.6023208300363208,0.991443716243742,-1.1825151884435672,-2.5141609731779364,0.0106246810099113,0.1981006404900992,1.2152261286172472,0.0,0.0,0.0,0.0,0.0,0.0
227,227,255,0,0.3835694622181577,-0.1164186856239729,1.6324948460152953,0.3264737248131952,0.0267889106296424,-1.1822922089470431,1.1618614500915652,-1.566688508957285,-1.658240821947689,0.9465531030922438,-1.1825151884435672,-2.5141609731779364,0.6104987715531683,0.1981006404900992,1.2152261286172472,0.0,0.0,0.0,0.0,0.0,0.0
228,228,255,0,0.4030968238346142,-0.1105189150309331,0.0430234599481162,-0.4483473704324735,-0.6623946162169881,-1.1822922089470431,-0.1468592457865423,-1.566688508957285,-1.658240821947689,1.3056780083042288,-1.1825151884435672,-0.657496764896569,0.210582711190997,-0.0790826667590213,0.7975689238227933,0.0,0.0,0.0,0.0,0.0,0.0
229,229,255,0,0.3581480935836206,-0.1153619043191905,2.828611934922657,0.5847474232284181,0.2565167529118527,-1.1822922089470431,1.1618614500915652,-1.566688508957285,-1.658240821947689,0.9465531030922438,-1.1825151884435672,-2.5141609731779364,0.6104987715531683,0.1981006404900992,0.136629912868607,0.0,0.0,0.0,0.0,0.0,0.0
230,230,255,0,0.3648531760981869,-0.1188514709153708,0.7815656341104554,-0.1900736720172506,-0.4326667739347779,-1.1822922089470431,-0.1468592457865423,-1.566688508957285,-1.658240821947689,0.9465531030922438,-1.1825151884435672,-1.400162448209116,0.210582711190997,0.1228696333758667,1.2152261286172472,0.0,0.0,0.0,0.0,0.0,0.0
231,231,255,0,0.338192760215827,-0.1172787535897218,3.3664633872239,1.101294820058864,0.7159724374762731,-1.1822922089470431,1.1618614500915652,-1.566688508957285,-1.658240821947689,0.9465531030922438,-1.1825151884435672,-2.5141609731779364,0.6104987715531683,0.1981006404900992,1.2152261286172472,0.0,0.0,0.0,0.0,0.0,0.0
232,232,255,0,0.8994940103019309,0.2821943570857736,-0.4707450215165768,-0.7066210688476964,-0.4326667739347779,1.3898404012085974,-1.4555799416646498,-1.566688508957285,-1.7141608138590572,0.4976469715772629,-0.5317754014696342,0.4565017600722513,1.0104148319153397,-0.1028233879668304,-0.2050896183268552,0.0,0.0,0.0,0.0,0.0,0.0
233,233,255,0,0.8890198235239088,0.2845308226801014,0.0911893059243769,-0.4483473704324735,-0.2029389316525677,0.1037740961307769,-1.4555799416646498,-1.617296326539244,-1.7141608138590572,0.4976469715772629,-0.4804012077611637,0.4565017600722513,0.210582711190997,-0.1028233879668304,0.6372560573360334,0.0,0.0,0.0,0.0,0.0,0.0
234,234,255,0,0.8952721993606506,0.2844832739232997,-0.2941370790983525,-0.4483473704324735,-0.2029389316525677,0.1037740961307769,-1.4555799416646498,-1.566688508957285,-1.7141608138590572,0.4976469715772629,-0.5317754014696342,0.4565017600722513,1.0104148319153397,-0.1028233879668304,-0.3696212444580036,0.0,0.0,0.0,0.0,0.0,0.0
235,235,255,0,0.9126621948874288,0.27731051195018,0.2637833401224769,-0.7066210688476964,-0.2029389316525677,0.1037740961307769,-1.4555799416646498,-1.617296326539244,-1.7700808057704254,0.8118812636377496,-0.6173990576504101,-0.657496764896569,0.6104987715531683,-0.1028233879668304,1.2152261286172472,0.0,0.0,0.0,0.0,0.0,0.0
236,236,255,0,0.9156457255553532,0.2812747513254009,0.6290407582256203,-0.7066210688476964,0.4862445951940629,0.1037740961307769,-0.1468592457865423,-1.617296326539244,-1.7700808057704254,0.8118812636377496,-0.6173990576504101,-0.657496764896569,0.6104987715531683,-0.1028233879668304,-0.0279017132625413,0.0,0.0,0.0,0.0,0.0,0.0
237,237,255,0,0.8987699864071952,0.2814231011186533,0.496584753563532,-0.7066210688476964,0.2565167529118527,0.1037740961307769,-0.1468592457865423,-1.566688508957285,-1.7141608138590572,0.4976469715772629,-0.5317754014696342,0.4565017600722513,1.0104148319153397,-0.1028233879668304,-0.2079021247564474,0.0,0.0,0.0,0.0,0.0,0.0
238,238,255,0,0.8990763927058678,0.2842643866842159,0.2236452148896255,-0.7066210688476964,0.9457002797584834,1.3898404012085974,-0.1468592457865423,-1.617296326539244,-1.7141608138590572,0.4976469715772629,-0.4804012077611637,0.4565017600722513,0.210582711190997,-0.1028233879668304,1.2152261286172472,0.0,0.0,0.0,0.0,0.0,0.0
239,239,255,0,0.8725981332588895,0.2855898155549677,0.1875209021800593,0.0682000263979722,0.2565167529118527,1.3898404012085974,-0.1468592457865423,-1.566688508957285,-1.7141608138590572,0.4976469715772629,-0.5317754014696342,0.4565017600722513,1.0104148319153397,-0.1028233879668304,1.2152261286172472,0.0,0.0,0.0,0.0,0.0,0.0
240,240,255,0,0.8705324792816692,0.2856057621392557,0.2597695275991918,0.0682000263979722,0.4862445951940629,0.1037740961307769,-0.1468592457865423,-1.566688508957285,-1.7141608138590572,0.4976469715772629,-0.5317754014696342,0.4565017600722513,1.0104148319153397,-0.1028233879668304,1.0605382749896717,0.0,0.0,0.0,0.0,0.0,0.0
241,241,255,0,0.8975382254167882,0.2813533784618006,0.40828078235442,-0.7066210688476964,0.2565167529118527,0.1037740961307769,-0.1468592457865423,-1.566688508957285,-1.7141608138590572,0.4976469715772629,-0.5317754014696342,0.4565017600722513,1.0104148319153397,-0.1028233879668304,1.2152261286172472,0.0,0.0,0.0,0.0,0.0,0.0
242,242,255,0,0.902478307944322,0.2844766392130476,0.0028853347152648,-0.7066210688476964,0.0267889106296424,1.3898404012085974,-1.4555799416646498,-1.566688508957285,-1.7141608138590572,0.4976469715772629,-0.5317754014696342,0.4565017600722513,1.0104148319153397,-0.1028233879668304,1.2152261286172472,0.0,0.0,0.0,0.0,0.0,0.0
243,243,255,0,0.919052050896978,0.282668564271112,0.4203222199242755,-0.7066210688476964,0.7159724374762731,1.3898404012085974,-0.1468592457865423,-1.617296326539244,-1.7700808057704254,0.8118812636377496,-0.6173990576504101,-0.657496764896569,0.6104987715531683,-0.1028233879668304,1.2152261286172472,0.0,0.0,0.0,0.0,0.0,0.0
244,244,255,0,0.0416275109007725,-0.2799712190276712,0.0269682098549756,-0.4483473704324735,-0.6623946162169881,-1.1822922089470431,-0.1468592457865423,-1.6679041441212028,-1.881920789593162,1.3056780083042288,-2.346996912502187,-2.8854938148342097,1.410330892277511,-0.1028233879668304,0.472724431204885,0.0,0.0,0.0,0.0,0.0,0.0
245,245,255,0,0.1092069731962646,-0.2607395801765408,0.3601149363781593,-0.1900736720172506,-0.4326667739347779,-1.1822922089470431,-0.1468592457865423,-1.6679041441212028,-1.9378407815045304,1.0812249425467382,-2.4497452999191216,-2.9783270252482783,1.410330892277511,0.1981006404900992,-0.2824335451406427,0.0,0.0,0.0,0.0,0.0,0.0
246,246,255,0,-0.0036437321126525,-0.2809529233480298,0.5848887247726443,-0.1900736720172506,-0.2029389316525677,-1.1822922089470431,1.1618614500915652,-1.465472873793367,-1.658240821947689,1.2607873951527306,-2.0558764814875348,-2.8854938148342097,1.6102889224585968,-0.027592380852598,0.7258500098681901,0.0,0.0,0.0,0.0,0.0,0.0
247,247,255,0,0.0582392190894365,-0.2800395449034186,1.6244670295750467,0.3264737248131952,0.2565167529118527,-1.1822922089470431,1.1618614500915652,-1.6679041441212028,-1.881920789593162,1.3056780083042288,-2.346996912502187,-2.8854938148342097,1.410330892277511,-0.1028233879668304,0.3025677922145517,0.0,0.0,0.0,0.0,0.0,0.0
248,248,255,0,0.0072334997466019,-0.2809103215243103,0.2758248733891714,-0.1900736720172506,-0.4326667739347779,-1.1822922089470431,-0.1468592457865423,-1.465472873793367,-1.658240821947689,1.2607873951527306,-2.0558764814875348,-2.8854938148342097,1.6102889224585968,-0.027592380852598,-0.3724337508875958,0.0,0.0,0.0,0.0,0.0,0.0
249,249,255,0,0.1014047337098579,-0.2674736946833016,-0.0894324490171325,-0.4483473704324735,-0.6623946162169881,-1.1822922089470431,-0.1468592457865423,-1.6679041441212028,-1.881920789593162,1.0812249425467382,-2.398371106210657,-3.0711602356623464,1.2103728620964254,0.0476386262616343,0.9761630821019032,0.0,0.0,0.0,0.0,0.0,0.0
250,250,255,0,0.0767741157484913,-0.2800497879648591,0.1112583685408021,-0.4483473704324735,-0.4326667739347779,-1.1822922089470431,-0.1468592457865423,-1.6679041441212028,-1.881920789593162,1.3056780083042288,-2.346996912502187,-2.8854938148342097,1.410330892277511,-0.1028233879668304,1.2152261286172472,0.0,0.0,0.0,0.0,0.0,0.0
251,251,255,0,0.0666443005051473,-0.2801035058382105,1.6084117794819064,0.5847474232284181,0.2565167529118527,0.1037740961307769,1.1618614500915652,-1.6679041441212028,-1.881920789593162,1.3056780083042288,-2.346996912502187,-2.8854938148342097,1.410330892277511,-0.1028233879668304,0.1352236596538107,0.0,0.0,0.0,0.0,0.0,0.0
252,252,255,0,-0.0154340470722061,-0.2809089829424175,0.3199768111453079,-0.1900736720172506,-0.4326667739347779,-1.1822922089470431,-0.1468592457865423,-1.4148650562114082,-1.6023208300363208,1.1261155556982363,-1.781880781709036,-2.8854938148342097,1.6102889224585968,-0.0652078844097142,-0.3738400041023921,0.0,0.0,0.0,0.0,0.0,0.0
253,253,255,0,0.1093766662965939,-0.2604434043829492,0.1714655563900796,-0.1900736720172506,-0.4326667739347779,-1.1822922089470431,-0.1468592457865423,-1.6679041441212028,-1.881920789593162,1.0812249425467382,-2.398371106210657,-3.0711602356623464,1.2103728620964254,0.0476386262616343,-0.2964960772886046,0.0,0.0,0.0,0.0,0.0,0.0
254,254,255,0,-0.0153512138300125,-0.2171479042467864,0.721358350564339,1.101294820058864,0.7159724374762731,0.1037740961307769,-0.1468592457865423,-1.4148650562114082,-1.2668008785681113,1.485240460910221,-1.5078850819305367,-0.657496764896569,-0.7892074397144313,-0.1028233879668304,0.3067865518589403,0.0,0.0,0.0,0.0,0.0,0.0
255,255,255,0,0.0721791717301024,-0.2801492504194179,0.4042669698311349,0.0682000263979722,-0.2029389316525677,-1.1822922089470431,1.1618614500915652,-1.6679041441212028,-1.9378407815045304,1.3954592346072248,-2.329872181266028,-2.9783270252482783,1.6102889224585968,0.160485136932983,1.2152261286172472,0.0,0.0,0.0,0.0,0.0,0.0
256,256,255,0,-0.3238793473591895,-0.3172097524972065,0.6089715999123555,-0.1900736720172506,-0.2029389316525677,-1.1822922089470431,1.1618614500915652,-1.566688508957285,-1.7141608138590572,1.485240460910221,-2.5696184185722153,-2.8854938148342097,0.6104987715531683,-0.1028233879668304,-0.3766525105319843,0.0,0.0,0.0,0.0,0.0,0.0
257,257,255,0,-0.4260021890858677,-0.3191497068551926,-0.5028555217028579,-0.4483473704324735,-0.6623946162169881,0.1037740961307769,-0.1468592457865423,-1.465472873793367,-1.0431209109226385,1.4403498477587229,-2.2784979875575635,-3.256826656490483,-1.7889975906198596,-0.0652078844097142,0.3911617447467085,0.0,0.0,0.0,0.0,0.0,0.0
258,258,255,0,-0.3678948614301859,-0.3166942820700414,1.3274447114582684,0.843021121643641,0.4862445951940629,-1.1822922089470431,-0.1468592457865423,-1.566688508957285,-1.7141608138590572,1.485240460910221,-2.5696184185722153,-2.8854938148342097,0.6104987715531683,-0.1028233879668304,0.641474816980422,0.0,0.0,0.0,0.0,0.0,0.0
259,259,255,0,-0.3190065668409403,-0.3496306715352359,0.0751340558312364,-0.4483473704324735,-0.6623946162169881,-1.1822922089470431,-0.1468592457865423,-1.617296326539244,-1.9937607734158984,1.4403498477587229,-3.391605517907713,-2.8854938148342097,3.2099531639072825,-0.1028233879668304,0.0536609731956346,0.0,0.0,0.0,0.0,0.0,0.0
260,260,255,0,-0.9605245257348052,-0.3752575890766034,0.58890244159909,0.5847474232284181,0.4862445951940629,-1.1822922089470431,-0.1468592457865423,-1.3642572386294494,-1.4904808462135843,1.3056780083042288,-2.312747450029875,0.4565017600722513,1.410330892277511,-0.1028233879668304,1.2152261286172472,0.0,0.0,0.0,0.0,0.0,0.0
261,261,255,0,-0.4983493563979362,-0.3275839367642723,0.0028853347152648,-0.1900736720172506,-0.4326667739347779,0.1037740961307769,-0.1468592457865423,-1.4148650562114082,-1.3227208704794795,1.3505686214557266,-2.038751750251376,0.4565017600722513,-0.5892494095333457,-0.1028233879668304,-0.2950898240738083,0.0,0.0,0.0,0.0,0.0,0.0
262,262,255,0,-0.498276110336551,-0.3412985812445006,0.0430234599481162,-0.1900736720172506,-0.4326667739347779,-1.1822922089470431,-0.1468592457865423,-1.465472873793367,-1.7141608138590572,1.6199123003647151,-2.15862486890447,-0.657496764896569,1.8102469526396825,-0.1028233879668304,-0.3794650169615765,0.0,0.0,0.0,0.0,0.0,0.0
263,263,255,0,-0.4675679867164111,-0.3169664215887751,-0.5309522572142734,-0.1900736720172506,-0.4326667739347779,0.1037740961307769,-1.4555799416646498,-1.4148650562114082,-1.3227208704794795,1.3505686214557266,-2.038751750251376,0.4565017600722513,-0.5892494095333457,-0.1028233879668304,-0.2838397983554391,0.0,0.0,0.0,0.0,0.0,0.0
264,264,255,0,-0.3735628027247764,-0.3166938164763399,0.1072445560175175,-0.1900736720172506,-0.4326667739347779,0.1037740961307769,-1.4555799416646498,-1.465472873793367,-1.0431209109226385,1.3954592346072248,-2.261373256321405,-3.256826656490483,-1.7889975906198596,-0.1028233879668304,-0.3682149912432078,0.0,0.0,0.0,0.0,0.0,0.0
265,265,255,0,-0.4983018039811211,-0.3365799054746385,-0.4506759110517315,-0.4483473704324735,-0.6623946162169881,0.1037740961307769,-0.1468592457865423,-1.465472873793367,-1.7141608138590572,1.6199123003647151,-2.15862486890447,-0.657496764896569,1.8102469526396825,-0.1028233879668304,-0.1150894125799022,0.0,0.0,0.0,0.0,0.0,0.0
266,266,255,0,-0.318980873196373,-0.3485397272925802,1.9816968226316192,0.3264737248131952,0.0267889106296424,-1.1822922089470431,1.1618614500915652,-1.617296326539244,-1.9937607734158984,1.4403498477587229,-3.357356055435401,-2.5141609731779364,2.8100371035451106,-0.1028233879668304,0.6302247912620528,0.0,0.0,0.0,0.0,0.0,0.0
267,267,255,0,-0.3188654435394262,-0.329469765854418,0.5005985660868173,-0.1900736720172506,-0.4326667739347779,-1.1822922089470431,-0.1468592457865423,-1.566688508957285,-1.7141608138590572,1.485240460910221,-2.5696184185722153,-2.8854938148342097,0.6104987715531683,-0.1028233879668304,-0.3710274976728,0.0,0.0,0.0,0.0,0.0,0.0
268,268,255,0,-0.3176906304030271,-0.3576093762062641,1.0183808600747954,0.0682000263979722,-0.2029389316525677,-1.1822922089470431,1.1618614500915652,-1.617296326539244,-1.9937607734158984,1.4403498477587229,-3.357356055435401,-2.5141609731779364,2.8100371035451106,-0.1028233879668304,1.2152261286172472,0.0,0.0,0.0,0.0,0.0,0.0
269,269,255,0,-0.4176789821942693,-0.3156019410462803,0.3239906236685931,0.0682000263979722,0.0267889106296424,0.1037740961307769,-1.4555799416646498,-1.465472873793367,-1.0431209109226385,1.3954592346072248,-2.261373256321405,-3.256826656490483,-1.7889975906198596,-0.1028233879668304,1.2152261286172472,0.0,0.0,0.0,0.0,0.0,0.0
270,270,255,0,-0.4039162006549657,-0.3220882433052291,0.3480734988083039,0.5847474232284181,0.2565167529118527,0.1037740961307769,-0.1468592457865423,-1.465472873793367,-1.0431209109226385,1.4403498477587229,-2.2784979875575635,-3.256826656490483,-1.7889975906198596,-0.0652078844097142,1.2152261286172472,0.0,0.0,0.0,0.0,0.0,0.0
271,271,255,0,-0.3189831741197669,-0.3430884398328509,1.0223945769012417,0.0682000263979722,-0.2029389316525677,-1.1822922089470431,1.1618614500915652,-1.617296326539244,-1.9937607734158984,1.4403498477587229,-3.357356055435401,-2.5141609731779364,2.8100371035451106,-0.1028233879668304,-0.1193081722242907,0.0,0.0,0.0,0.0,0.0,0.0
272,272,255,0,-0.3189166390849492,-0.3232902316457777,6.94678760308045,4.975400296287207,4.1618900717094265,-1.1822922089470431,2.4705821459696726,-1.566688508957285,-1.7141608138590572,1.485240460910221,-2.5696184185722153,-2.8854938148342097,0.810456801734254,-0.1028233879668304,1.2152261286172472,0.0,0.0,0.0,0.0,0.0,0.0
273,273,255,0,-0.3176541991159516,-0.3547263036059606,2.6118658672715815,0.843021121643641,0.4862445951940629,-1.1822922089470431,1.1618614500915652,-1.617296326539244,-1.9937607734158984,1.4403498477587229,-3.357356055435401,-2.5141609731779364,2.8100371035451106,-0.1028233879668304,0.5486621048038762,0.0,0.0,0.0,0.0,0.0,0.0
274,274,255,0,-0.4983675720414746,-0.3345666783078229,0.1032307434942325,0.0682000263979722,-0.2029389316525677,-1.1822922089470431,1.1618614500915652,-1.465472873793367,-1.7141608138590572,1.6199123003647151,-2.15862486890447,-0.657496764896569,1.8102469526396825,-0.1028233879668304,1.2152261286172472,0.0,0.0,0.0,0.0,0.0,0.0
275,275,255,0,-0.947745388946558,-0.3751612111803198,-0.2700542039586417,-0.1900736720172506,-0.2029389316525677,0.1037740961307769,-1.4555799416646498,-1.3642572386294494,-1.4904808462135843,1.03633432939524,-2.2784979875575635,0.4565017600722513,1.2103728620964254,-0.1028233879668304,-0.3766525105319843,0.0,0.0,0.0,0.0,0.0,0.0
276,276,255,0,-0.322817471212729,-0.3181226653481163,2.1502771400032725,0.5847474232284181,0.2565167529118527,-1.1822922089470431,1.1618614500915652,-1.566688508957285,-1.7141608138590572,1.485240460910221,-2.5696184185722153,-2.8854938148342097,0.810456801734254,-0.1028233879668304,-0.3766525105319843,0.0,0.0,0.0,0.0,0.0,0.0
277,277,255,0,-0.28663353340142,-0.340146295031625,0.496584753563532,0.3264737248131952,0.0267889106296424,0.1037740961307769,-1.4555799416646498,-1.566688508957285,-1.658240821947689,1.3954592346072248,-2.689491537225309,-2.9783270252482783,0.210582711190997,-0.1028233879668304,-0.1235269318686792,0.0,0.0,0.0,0.0,0.0,0.0
278,278,255,0,-0.3190190301759953,-0.3416368932681093,0.745441417097728,-0.1900736720172506,-0.4326667739347779,-1.1822922089470431,-0.1468592457865423,-1.566688508957285,-1.881920789593162,1.2607873951527306,-3.3402313241992485,-2.5141609731779364,2.8100371035451106,-0.1028233879668304,0.8777253570661735,0.0,0.0,0.0,0.0,0.0,0.0
279,279,255,0,-0.3176555413212643,-0.353107841699105,4.518428634071965,1.6178422168893098,1.1754281220406937,-1.1822922089470431,1.1618614500915652,-1.617296326539244,-1.9937607734158984,1.4403498477587229,-3.357356055435401,-2.5141609731779364,2.8100371035451106,-0.1028233879668304,1.2152261286172472,0.0,0.0,0.0,0.0,0.0,0.0
280,280,255,0,-0.2984106180514572,-0.3752677739388314,0.5648195664593795,0.3264737248131952,0.0267889106296424,-1.1822922089470431,1.1618614500915652,-1.566688508957285,-1.881920789593162,1.2607873951527306,-3.3402313241992485,-2.5141609731779364,2.8100371035451106,-0.1028233879668304,1.1477259743070327,0.0,0.0,0.0,0.0,0.0,0.0
281,281,255,0,-0.3297769975059794,-0.3157262545646749,-0.3101923770399126,-0.4483473704324735,-0.4326667739347779,0.1037740961307769,-1.4555799416646498,-1.566688508957285,-1.7141608138590572,1.485240460910221,-2.5696184185722153,-2.8854938148342097,0.810456801734254,-0.1028233879668304,1.2152261286172472,0.0,0.0,0.0,0.0,0.0,0.0
282,282,255,0,-0.318980873196373,-0.3488696004303435,1.700729563214303,0.3264737248131952,0.0267889106296424,-1.1822922089470431,1.1618614500915652,-1.566688508957285,-1.881920789593162,1.2607873951527306,-3.3402313241992485,-2.5141609731779364,2.8100371035451106,-0.1028233879668304,0.3897554915319127,0.0,0.0,0.0,0.0,0.0,0.0
283,283,255,0,-0.3176541991159516,-0.3562040398164314,0.3079353735754525,-0.1900736720172506,-0.4326667739347779,-1.1822922089470431,-0.1468592457865423,-1.566688508957285,-1.881920789593162,1.2607873951527306,-3.3402313241992485,-2.5141609731779364,2.8100371035451106,-0.1028233879668304,-0.0307142196921334,0.0,0.0,0.0,0.0,0.0,0.0
284,284,255,0,-0.4055772756020238,-0.3256515483039412,-0.4667312089932917,-0.1900736720172506,-0.4326667739347779,0.1037740961307769,-1.4555799416646498,-1.4148650562114082,-0.9872009190112704,1.3505686214557266,-2.244248525085252,-3.256826656490483,-1.7889975906198596,-0.1028233879668304,0.6442873234100142,0.0,0.0,0.0,0.0,0.0,0.0
285,285,255,0,-0.404555473871344,-0.3245108437343998,-0.4868002716097173,-0.4483473704324735,-0.6623946162169881,0.1037740961307769,-1.4555799416646498,-1.4148650562114082,-0.9872009190112704,1.3505686214557266,-2.244248525085252,-3.256826656490483,-1.7889975906198596,-0.1028233879668304,-0.3682149912432078,0.0,0.0,0.0,0.0,0.0,0.0
286,286,255,0,-0.3515573466126741,-0.3408683144647745,-0.6794634641210822,-0.4483473704324735,-0.6623946162169881,-1.1822922089470431,-1.4555799416646498,-1.566688508957285,-1.881920789593162,1.2607873951527306,-3.3402313241992485,-2.5141609731779364,2.8100371035451106,-0.1028233879668304,1.2152261286172472,0.0,0.0,0.0,0.0,0.0,0.0
287,287,255,0,-0.3189626575528346,-0.3285901429531911,0.7414275088776038,0.0682000263979722,-0.2029389316525677,-1.1822922089470431,1.1618614500915652,-1.566688508957285,-1.658240821947689,1.485240460910221,-2.552493687336063,-2.8854938148342097,0.6104987715531683,-0.1028233879668304,1.2152261286172472,0.0,0.0,0.0,0.0,0.0,0.0
288,288,255,0,-0.2729050739694125,-0.3429032499379388,0.0751340558312364,0.0682000263979722,-0.2029389316525677,0.1037740961307769,-1.4555799416646498,-1.566688508957285,-1.658240821947689,1.3954592346072248,-2.689491537225309,-2.9783270252482783,0.210582711190997,-0.1028233879668304,-0.0279017132625413,0.0,0.0,0.0,0.0,0.0,0.0
289,289,255,0,-0.415262437399422,-0.3156054911982571,0.4765156909471065,-0.1900736720172506,-0.2029389316525677,0.1037740961307769,-1.4555799416646498,-1.465472873793367,-1.0431209109226385,1.3954592346072248,-2.261373256321405,-3.256826656490483,-1.7889975906198596,-0.1028233879668304,1.2152261286172472,0.0,0.0,0.0,0.0,0.0,0.0
290,290,255,0,-0.3192084728687914,-0.3384678879356549,0.0149267722851202,-0.4483473704324735,-0.6623946162169881,-1.1822922089470431,-0.1468592457865423,-1.566688508957285,-1.881920789593162,1.2607873951527306,-3.3402313241992485,-2.5141609731779364,2.8100371035451106,-0.1028233879668304,-0.3710274976728,0.0,0.0,0.0,0.0,0.0,0.0
291,291,255,0,-0.3185822382183126,-0.3167648777150854,0.1112583685408021,0.0682000263979722,0.0267889106296424,0.1037740961307769,-1.4555799416646498,-1.566688508957285,-1.658240821947689,1.485240460910221,-2.552493687336063,-2.8854938148342097,0.6104987715531683,-0.1028233879668304,1.2152261286172472,0.0,0.0,0.0,0.0,0.0,0.0
292,292,255,0,-0.4983280728565396,-0.3377490112599932,-0.2218883579823808,-0.4483473704324735,-0.4326667739347779,0.1037740961307769,-0.1468592457865423,-1.465472873793367,-1.7141608138590572,1.6199123003647151,-2.107250675195999,-1.0288296065528426,1.8102469526396825,-0.1028233879668304,-0.3879025362503535,0.0,0.0,0.0,0.0,0.0,0.0
293,293,255,0,-0.4121682706649558,-0.338092270216685,-0.1175291366801283,0.3264737248131952,0.0267889106296424,0.1037740961307769,1.1618614500915652,-1.465472873793367,-1.0431209109226385,1.3056780083042288,-2.2099990626129404,-3.256826656490483,-1.7889975906198596,-0.1028233879668304,-0.034932979336522,0.0,0.0,0.0,0.0,0.0,0.0
294,294,255,0,-0.321522818316211,-0.3705864038643304,0.3601149363781593,-0.1900736720172506,-0.4326667739347779,-1.1822922089470431,-0.1468592457865423,-1.566688508957285,-1.9378407815045304,1.2607873951527306,-3.3231065929630894,-2.5141609731779364,3.2099531639072825,-0.1028233879668304,1.2152261286172472,0.0,0.0,0.0,0.0,0.0,0.0
295,295,255,0,-0.3190065668409403,-0.3496306715352359,0.2758248733891714,-0.1900736720172506,-0.4326667739347779,-1.1822922089470431,-0.1468592457865423,-1.566688508957285,-1.9378407815045304,1.2607873951527306,-3.3231065929630894,-2.5141609731779364,3.2099531639072825,-0.1028233879668304,0.6442873234100142,0.0,0.0,0.0,0.0,0.0,0.0
296,296,255,0,-0.317686220299855,-0.3529644388389338,0.5688334746795034,-0.1900736720172506,-0.4326667739347779,-1.1822922089470431,-0.1468592457865423,-1.566688508957285,-1.9378407815045304,1.2607873951527306,-3.3231065929630894,-2.5141609731779364,3.2099531639072825,-0.1028233879668304,-0.289464811214624,0.0,0.0,0.0,0.0,0.0,0.0
297,297,255,0,-0.3074542057090792,-0.3752864558861182,0.1433688687270837,-0.1900736720172506,-0.4326667739347779,-1.1822922089470431,-0.1468592457865423,-1.566688508957285,-1.9378407815045304,1.2607873951527306,-3.3231065929630894,-2.5141609731779364,3.2099531639072825,-0.1028233879668304,-0.3710274976728,0.0,0.0,0.0,0.0,0.0,0.0
298,298,255,0,-0.3056130835064206,-0.3169957539919922,-0.6593944015046564,-0.4483473704324735,-0.6623946162169881,0.1037740961307769,-1.4555799416646498,-1.566688508957285,-1.658240821947689,1.485240460910221,-2.552493687336063,-2.8854938148342097,0.6104987715531683,-0.1028233879668304,0.6442873234100142,0.0,0.0,0.0,0.0,0.0,0.0
299,299,255,0,-0.3189904603771828,-0.346562467239233,0.3400458737617342,-0.1900736720172506,-0.4326667739347779,-1.1822922089470431,-0.1468592457865423,-1.566688508957285,-1.9378407815045304,1.2607873951527306,-3.3231065929630894,-2.5141609731779364,3.2099531639072825,-0.1028233879668304,-0.3696212444580036,0.0,0.0,0.0,0.0,0.0,0.0
300,300,255,0,-0.3176563082957271,-0.353229478053714,0.1554103062969391,-0.4483473704324735,-0.4326667739347779,-1.1822922089470431,-0.1468592457865423,-1.566688508957285,-1.9378407815045304,1.2607873951527306,-3.3231065929630894,-2.5141609731779364,3.2099531639072825,-0.1028233879668304,-0.2838397983554391,0.0,0.0,0.0,0.0,0.0,0.0
301,301,255,0,-0.456513583755797,-0.3175631963161262,0.1112583685408021,0.5847474232284181,0.2565167529118527,-1.1822922089470431,-0.1468592457865423,-1.4148650562114082,-1.3227208704794795,1.3056780083042288,-1.9702528253067528,0.4565017600722513,-0.5892494095333457,-0.1028233879668304,-0.2036833651120589,0.0,0.0,0.0,0.0,0.0,0.0
302,302,255,0,-0.4104692304818912,-0.3159060901320158,0.7414275088776038,-0.1900736720172506,-0.2029389316525677,0.1037740961307769,-1.4555799416646498,-1.4148650562114082,-0.9872009190112704,1.3505686214557266,-2.244248525085252,-3.256826656490483,-1.7889975906198596,-0.1028233879668304,1.2152261286172472,0.0,0.0,0.0,0.0,0.0,0.0
303,303,255,0,-0.2669182630410971,-0.3440124105341799,0.0269682098549756,0.0682000263979722,-0.2029389316525677,0.1037740961307769,-1.4555799416646498,-1.617296326539244,-1.7141608138590572,1.3954592346072248,-2.689491537225309,-2.9783270252482783,0.210582711190997,-0.1028233879668304,-0.2852460515702354,0.0,0.0,0.0,0.0,0.0,0.0
304,304,255,0,-0.3190130861238934,-0.3243527746726201,3.2902010449783217,1.3595685184740869,0.9457002797584834,-1.1822922089470431,1.1618614500915652,-1.566688508957285,-1.658240821947689,1.485240460910221,-2.552493687336063,-2.8854938148342097,0.6104987715531683,-0.1028233879668304,1.2152261286172472,0.0,0.0,0.0,0.0,0.0,0.0
305,305,255,0,-0.9616772883553424,-0.5215379929226354,-0.5670766177722592,-0.4483473704324735,-0.6623946162169881,0.1037740961307769,-0.1468592457865423,-1.3136494210474905,-1.1549608947453749,-0.0859309993922123,-3.905347454992399,0.4565017600722513,-0.5892494095333457,-0.1028233879668304,1.1491322275218283,0.0,0.0,0.0,0.0,0.0,0.0
306,306,255,0,-0.8976094186467637,-0.5341482491420663,0.6410821000986359,0.843021121643641,0.4862445951940629,0.1037740961307769,1.1618614500915652,-1.3136494210474905,-1.1549608947453749,-0.0859309993922123,-3.905347454992399,0.4565017600722513,-0.5892494095333457,-0.1028233879668304,-0.2922773176442161,0.0,0.0,0.0,0.0,0.0,0.0
307,307,255,0,-0.9440648702337808,-0.5163189203217066,-0.4265930359120207,-0.4483473704324735,-0.6623946162169881,-1.1822922089470431,-0.1468592457865423,-1.3136494210474905,-1.1549608947453749,-0.0859309993922123,-3.905347454992399,0.4565017600722513,-0.5892494095333457,-0.1028233879668304,0.1169423678614608,0.0,0.0,0.0,0.0,0.0,0.0
308,308,255,0,-0.9769870573900724,-0.5449340764407836,0.4203222199242755,-0.1900736720172506,-0.4326667739347779,-1.1822922089470431,-0.1468592457865423,-1.3136494210474905,-1.1549608947453749,-0.0859309993922123,-3.905347454992399,0.4565017600722513,-0.5892494095333457,-0.1028233879668304,0.3855367318875242,0.0,0.0,0.0,0.0,0.0,0.0
309,309,255,0,-0.9702746886180916,-0.519409764111462,-0.4546897714234362,-0.4483473704324735,-0.6623946162169881,0.1037740961307769,-1.4555799416646498,-1.3136494210474905,-1.1549608947453749,-0.0859309993922123,-3.905347454992399,0.4565017600722513,-0.5892494095333457,-0.1028233879668304,0.3841304786727278,0.0,0.0,0.0,0.0,0.0,0.0
310,310,255,0,-0.9517171662123276,-0.5213745695332846,-0.109501511633558,0.0682000263979722,-0.2029389316525677,-1.1822922089470431,-1.4555799416646498,-1.3136494210474905,-1.1549608947453749,-0.0859309993922123,-3.905347454992399,0.4565017600722513,-0.5892494095333457,-0.1028233879668304,1.2152261286172472,0.0,0.0,0.0,0.0,0.0,0.0
311,311,255,0,-0.9341507665586511,-0.5060459444855813,5.7426426977328395,6.008495089948099,5.080801440838267,0.1037740961307769,2.4705821459696726,-1.3136494210474905,-1.210880886656743,-0.2206028388467066,-3.905347454992399,0.4565017600722513,-0.38929137935226,-0.1028233879668304,1.2152261286172472,0.0,0.0,0.0,0.0,0.0,0.0
312,312,255,0,-1.2390096942484097,-0.529022004285445,-0.2620265789120713,-0.4483473704324735,-0.6623946162169881,-1.1822922089470431,-0.1468592457865423,-1.566688508957285,-1.434560854302216,1.6199123003647151,-3.888222723756241,0.4565017600722513,-0.7892074397144313,-0.1028233879668304,1.132257188944275,0.0,0.0,0.0,0.0,0.0,0.0
313,313,255,0,-0.9355903776290084,-0.506485523139344,0.6169992249589255,0.3264737248131952,0.0267889106296424,-1.1822922089470431,1.1618614500915652,-1.3136494210474905,-1.210880886656743,-0.2206028388467066,-3.905347454992399,0.4565017600722513,-0.38929137935226,-0.1028233879668304,1.2152261286172472,0.0,0.0,0.0,0.0,0.0,0.0
314,314,255,0,-0.7305892243278671,-0.5282569756340861,-0.2539989538655012,-0.1900736720172506,-0.4326667739347779,0.1037740961307769,-0.1468592457865423,-1.5160806913753262,-1.658240821947689,-0.804180809816182,-3.905347454992399,0.4565017600722513,0.810456801734254,-0.1028233879668304,1.0577257685600796,0.0,0.0,0.0,0.0,0.0,0.0
315,315,255,0,-0.9604499374681076,-0.5313069635765045,0.2758248733891714,-0.1900736720172506,-0.4326667739347779,-1.1822922089470431,-0.1468592457865423,-1.3136494210474905,-1.210880886656743,-0.2206028388467066,-3.905347454992399,0.4565017600722513,-0.38929137935226,-0.1028233879668304,-0.1207144254390865,0.0,0.0,0.0,0.0,0.0,0.0
316,316,255,0,-0.9294952315575452,-0.5239987720353576,-0.133584482470108,0.0682000263979722,0.0267889106296424,0.1037740961307769,1.1618614500915652,-1.3136494210474905,-1.210880886656743,-0.2206028388467066,-3.905347454992399,0.4565017600722513,-0.38929137935226,-0.1028233879668304,0.5514746112334689,0.0,0.0,0.0,0.0,0.0,0.0
317,317,255,0,-0.960928913021352,-0.5315653680810334,0.3721563739480147,0.0682000263979722,-0.2029389316525677,-1.1822922089470431,1.1618614500915652,-1.3136494210474905,-1.210880886656743,-0.2206028388467066,-3.905347454992399,0.4565017600722513,-0.38929137935226,-0.1028233879668304,1.2152261286172472,0.0,0.0,0.0,0.0,0.0,0.0
318,318,255,0,-0.9371410082531432,-0.5075334581637913,3.828052114492208,3.1674844073806474,2.553795175733955,0.1037740961307769,2.4705821459696726,-1.3136494210474905,-1.210880886656743,-0.2206028388467066,-3.905347454992399,0.4565017600722513,-0.38929137935226,-0.1028233879668304,1.140694708233052,0.0,0.0,0.0,0.0,0.0,0.0
319,319,255,0,-0.9021654387110662,-0.5324787465256448,1.4920111206097977,2.1343896137197556,1.864611648887324,-1.1822922089470431,2.4705821459696726,-1.3136494210474905,-1.1549608947453749,-0.0859309993922123,-3.905347454992399,0.4565017600722513,-0.5892494095333457,-0.1028233879668304,1.2152261286172472,0.0,0.0,0.0,0.0,0.0,0.0
320,320,255,0,-0.9755138911868808,-0.5437436697435691,-0.0613357613541362,-0.1900736720172506,-0.4326667739347779,-1.1822922089470431,-0.1468592457865423,-1.3136494210474905,-1.210880886656743,-0.2206028388467066,-3.905347454992399,0.4565017600722513,-0.38929137935226,-0.1028233879668304,-0.2993085837181968,0.0,0.0,0.0,0.0,0.0,0.0
321,321,255,0,-0.9654559797996092,-0.5207054531845087,0.3641287489014445,0.3264737248131952,0.0267889106296424,0.1037740961307769,1.1618614500915652,-1.3136494210474905,-1.210880886656743,-0.2206028388467066,-3.905347454992399,0.4565017600722513,-0.38929137935226,-0.1028233879668304,0.2069425736084138,0.0,0.0,0.0,0.0,0.0,0.0
322,322,255,0,-0.9398867768369892,-0.5230431991615158,-0.5791180553421146,-0.4483473704324735,-0.6623946162169881,0.1037740961307769,-0.1468592457865423,-1.3136494210474905,-1.210880886656743,-0.2206028388467066,-3.905347454992399,0.4565017600722513,-0.38929137935226,-0.1028233879668304,-0.0504017646992797,0.0,0.0,0.0,0.0,0.0,0.0
323,323,255,0,-0.9282341337938602,-0.4951664746535784,-0.3302614396563382,-0.4483473704324735,-0.6623946162169881,0.1037740961307769,-0.1468592457865423,-1.465472873793367,-1.434560854302216,0.9465531030922438,-3.905347454992399,0.4565017600722513,-0.1893333491711743,-0.1028233879668304,-0.3766525105319843,0.0,0.0,0.0,0.0,0.0,0.0
324,324,255,0,-0.9799305136422132,-0.5467092688275262,1.2351269277258712,0.0682000263979722,0.0267889106296424,-1.1822922089470431,1.1618614500915652,-1.8197275968670796,-1.9378407815045304,0.8118812636377496,-3.905347454992399,0.4565017600722513,-0.1893333491711743,-0.1028233879668304,-0.2079021247564474,0.0,0.0,0.0,0.0,0.0,0.0
325,325,255,0,-0.9674541400239306,-0.5370832936393394,0.0149267722851202,-0.4483473704324735,-0.6623946162169881,-1.1822922089470431,-0.1468592457865423,-1.3136494210474905,-1.3227208704794795,-0.3552746783012009,-3.905347454992399,0.4565017600722513,0.210582711190997,-0.1028233879668304,-0.124933185083475,0.0,0.0,0.0,0.0,0.0,0.0
326,326,255,0,-0.9436215589931488,-0.5159503447074767,3.177813911538981,2.3926633121349785,1.864611648887324,0.1037740961307769,2.4705821459696726,-1.3136494210474905,-1.3227208704794795,-0.3552746783012009,-3.905347454992399,0.4565017600722513,0.210582711190997,-0.1028233879668304,1.2152261286172472,0.0,0.0,0.0,0.0,0.0,0.0
327,327,255,0,-0.98657117030174,-0.5508582325039577,0.4042669698311349,-0.1900736720172506,-0.4326667739347779,-1.1822922089470431,-0.1468592457865423,-1.8197275968670796,-1.9378407815045304,0.6323188110317571,-3.905347454992399,0.4565017600722513,-0.1893333491711743,-0.1028233879668304,0.6217872719732757,0.0,0.0,0.0,0.0,0.0,0.0
328,328,255,0,-0.9126177667168418,-0.5289909259058462,0.2838524984357417,0.3264737248131952,0.0267889106296424,0.1037740961307769,1.1618614500915652,-1.3136494210474905,-1.1549608947453749,-0.0859309993922123,-3.905347454992399,0.4565017600722513,-0.5892494095333457,-0.1028233879668304,1.2152261286172472,0.0,0.0,0.0,0.0,0.0,0.0
329,329,255,0,-0.9524091689231584,-0.5263223174044585,0.0510510849946866,-0.1900736720172506,-0.4326667739347779,-1.1822922089470431,-0.1468592457865423,-1.3136494210474905,-1.3227208704794795,-0.3552746783012009,-3.905347454992399,0.4565017600722513,0.210582711190997,-0.1028233879668304,1.2152261286172472,0.0,0.0,0.0,0.0,0.0,0.0
330,330,255,0,-0.9415699022999108,-0.5143358985462986,0.2838524984357417,0.0682000263979722,-0.2029389316525677,-1.1822922089470431,1.1618614500915652,-1.3136494210474905,-1.3227208704794795,-0.3552746783012009,-3.905347454992399,0.4565017600722513,0.210582711190997,-0.1028233879668304,0.7975689238227933,0.0,0.0,0.0,0.0,0.0,0.0
331,331,255,0,-0.9272502972991872,-0.4942846401822675,6.557447692624953,5.23367399470243,4.621345756273847,0.1037740961307769,2.4705821459696726,-1.465472873793367,-1.5464008381249523,1.03633432939524,-3.905347454992399,0.4565017600722513,0.6104987715531683,-0.1028233879668304,1.2152261286172472,0.0,0.0,0.0,0.0,0.0,0.0
332,332,255,0,-0.9441914210204656,-0.5165085333567866,1.0103532350282252,0.0682000263979722,-0.2029389316525677,-1.1822922089470431,1.1618614500915652,-1.3136494210474905,-1.3227208704794795,-0.3552746783012009,-3.905347454992399,0.4565017600722513,0.210582711190997,-0.1028233879668304,-0.2036833651120589,0.0,0.0,0.0,0.0,0.0,0.0
333,333,255,0,-1.2388520809959005,-0.5286410322389031,-0.4747588340398619,-0.4483473704324735,-0.6623946162169881,0.1037740961307769,-0.1468592457865423,-1.465472873793367,-1.378640862390848,1.3056780083042288,-3.871097992520088,0.4565017600722513,-0.5892494095333457,-0.1028233879668304,1.2152261286172472,0.0,0.0,0.0,0.0,0.0,0.0
334,334,255,0,-0.9813231475266052,-0.5475600249192384,0.0309820223782608,-0.4483473704324735,-0.6623946162169881,-1.1822922089470431,-0.1468592457865423,-1.8197275968670796,-1.9378407815045304,0.6323188110317571,-3.905347454992399,0.4565017600722513,-0.1893333491711743,-0.1028233879668304,-0.3710274976728,0.0,0.0,0.0,0.0,0.0,0.0
335,335,255,0,-0.9939354673687684,-0.5526472181041177,0.7855795423305794,0.0682000263979722,-0.2029389316525677,-1.1822922089470431,1.1618614500915652,-1.8197275968670796,-1.9378407815045304,0.6323188110317571,-3.905347454992399,0.4565017600722513,-0.1893333491711743,-0.1028233879668304,-0.0377454857661147,0.0,0.0,0.0,0.0,0.0,0.0
336,336,255,0,-0.9454224150364098,-0.5204741113138994,0.2116037773197696,-0.1900736720172506,-0.4326667739347779,-1.1822922089470431,-0.1468592457865423,-1.3136494210474905,-1.3227208704794795,-0.3552746783012009,-3.905347454992399,0.4565017600722513,0.210582711190997,-0.1028233879668304,0.5486621048038762,0.0,0.0,0.0,0.0,0.0,0.0
337,337,255,0,-0.9454860739169852,-0.5229344248329202,-0.1897778577961001,-0.1900736720172506,-0.4326667739347779,-1.1822922089470431,-0.1468592457865423,-1.4148650562114082,-1.378640862390848,0.0038502269107838,-3.905347454992399,0.4565017600722513,-0.1893333491711743,-0.1028233879668304,-0.0504017646992797,0.0,0.0,0.0,0.0,0.0,0.0
338,338,255,0,-0.9281735428111444,-0.4950323836674448,3.667499613560803,1.8761159153045328,1.4051559643229037,-1.1822922089470431,2.4705821459696726,-1.465472873793367,-1.378640862390848,1.2158967820012323,-3.905347454992399,0.4565017600722513,-0.38929137935226,-0.1028233879668304,-0.3864962830355577,0.0,0.0,0.0,0.0,0.0,0.0
339,339,255,0,-0.9687035414270274,-0.5393580098689583,1.122739985680209,0.0682000263979722,-0.2029389316525677,-1.1822922089470431,1.1618614500915652,-1.4148650562114082,-1.378640862390848,0.0038502269107838,-3.905347454992399,0.4565017600722513,-0.1893333491711743,-0.1028233879668304,1.2152261286172472,0.0,0.0,0.0,0.0,0.0,0.0
340,340,255,0,-1.2399507719166727,-0.5256416776115609,-0.0412666987377107,0.0682000263979722,-0.2029389316525677,0.1037740961307769,1.1618614500915652,-1.465472873793367,0.2663146665471244,1.03633432939524,-3.8539732612839286,0.4565017600722513,0.0362050362160249,-0.1028233879668304,-0.2107146311860395,0.0,0.0,0.0,0.0,0.0,0.0
341,341,255,0,-1.000287933373159,-0.5555351794382906,6.94678760308045,3.4257581057958704,3.013250860298375,-1.1822922089470431,2.4705821459696726,-1.8197275968670796,-1.9937607734158984,0.4527563584257648,-3.905347454992399,0.4565017600722513,0.0106246810099113,-0.1028233879668304,1.2152261286172472,0.0,0.0,0.0,0.0,0.0,0.0
342,342,255,0,-0.9464676094882644,-0.5235995836352313,-0.3904686753540349,0.0682000263979722,-0.2029389316525677,-1.1822922089470431,1.1618614500915652,-1.4148650562114082,-1.378640862390848,0.0038502269107838,-3.905347454992399,0.4565017600722513,-0.1893333491711743,-0.1028233879668304,-0.3850900298207613,0.0,0.0,0.0,0.0,0.0,0.0
343,343,255,0,-0.919989350041286,-0.5266535873233271,0.5848887247726443,0.5847474232284181,0.2565167529118527,0.1037740961307769,1.1618614500915652,-1.4148650562114082,-1.378640862390848,0.0038502269107838,-3.905347454992399,0.4565017600722513,-0.1893333491711743,-0.1028233879668304,1.2152261286172472,0.0,0.0,0.0,0.0,0.0,0.0
344,344,255,0,-0.7974015204149819,-0.5052711383664842,0.0149267722851202,0.0682000263979722,-0.2029389316525677,0.1037740961307769,1.1618614500915652,-1.465472873793367,-1.378640862390848,1.2158967820012323,-3.905347454992399,0.4565017600722513,-0.38929137935226,-0.1028233879668304,1.2152261286172472,0.0,0.0,0.0,0.0,0.0,0.0
345,345,255,0,-0.7547891861272713,-0.5214402764444591,-0.2499851413422159,-0.1900736720172506,-0.4326667739347779,0.1037740961307769,-0.1468592457865423,-1.7185119617031617,-1.9378407815045304,-0.5797277440586914,-3.905347454992399,0.4565017600722513,0.810456801734254,-0.1028233879668304,-0.0475892582696875,0.0,0.0,0.0,0.0,0.0,0.0
346,346,255,0,-0.7507508738266826,-0.5226760203283912,0.669178883458471,0.3264737248131952,0.0267889106296424,0.1037740961307769,1.1618614500915652,-1.7185119617031617,-1.9378407815045304,-0.5797277440586914,-3.905347454992399,0.4565017600722513,0.810456801734254,-0.1028233879668304,0.9775693353166994,0.0,0.0,0.0,0.0,0.0,0.0
347,347,255,0,-0.3846382974831726,-0.2897410626697315,-0.4105377858188802,-0.1900736720172506,-0.4326667739347779,-1.1822922089470431,-0.1468592457865423,-1.465472873793367,-1.0431209109226385,1.4403498477587229,-2.2784979875575635,-3.256826656490483,-1.7889975906198596,-0.0652078844097142,-0.2922773176442161,0.0,0.0,0.0,0.0,0.0,0.0
348,348,255,0,-0.3322763755430202,-0.2969782511713455,0.5327090662730984,0.0682000263979722,-0.2029389316525677,-1.1822922089470431,1.1618614500915652,-1.5160806913753262,-1.7700808057704254,1.4403498477587229,-2.4326205686829687,-2.8854938148342097,2.210163013001854,-0.0652078844097142,0.2195988525415794,0.0,0.0,0.0,0.0,0.0,0.0
349,349,255,0,-0.3237090790280145,-0.2911184052382398,0.0630925225645419,0.0682000263979722,-0.2029389316525677,0.1037740961307769,-1.4555799416646498,-1.465472873793367,-1.7700808057704254,1.0812249425467382,-2.41549583744681,-2.8854938148342097,3.0099951337261963,-0.1028233879668304,-0.2922773176442161,0.0,0.0,0.0,0.0,0.0,0.0
350,350,255,0,-0.299769505059399,-0.2953135790895801,-0.5710904302955443,-0.4483473704324735,-0.4326667739347779,-1.1822922089470431,-0.1468592457865423,-1.465472873793367,-1.7700808057704254,1.0812249425467382,-2.41549583744681,-2.8854938148342097,3.0099951337261963,-0.1028233879668304,-0.2922773176442161,0.0,0.0,0.0,0.0,0.0,0.0
351,351,255,0,-0.249553002440805,-0.284133452124605,0.1032307434942325,-0.1900736720172506,-0.4326667739347779,-1.1822922089470431,-0.1468592457865423,-1.465472873793367,-1.4904808462135843,1.6199123003647151,-1.9702528253067528,-2.8854938148342097,0.0106246810099113,-0.1028233879668304,-0.2922773176442161,0.0,0.0,0.0,0.0,0.0,0.0
352,352,255,0,-0.3445654156482877,-0.2946155959312885,0.9862703598885144,0.0682000263979722,-0.2029389316525677,-1.1822922089470431,1.1618614500915652,-1.5160806913753262,-1.7700808057704254,1.4403498477587229,-2.4326205686829687,-2.8854938148342097,2.210163013001854,-0.0652078844097142,-0.3724337508875958,0.0,0.0,0.0,0.0,0.0,0.0
353,353,255,0,-0.3444674346604164,-0.2900101176301899,0.7012893836447524,0.0682000263979722,-0.2029389316525677,-1.1822922089470431,-1.4555799416646498,-1.5160806913753262,-1.7700808057704254,1.4403498477587229,-2.4326205686829687,-2.8854938148342097,2.210163013001854,-0.0652078844097142,-0.2008708586824667,0.0,0.0,0.0,0.0,0.0,0.0
354,354,255,0,-0.342621135380116,-0.2919998323150617,-0.59115949291197,-0.4483473704324735,-0.4326667739347779,0.1037740961307769,-1.4555799416646498,-1.5160806913753262,-1.7700808057704254,1.4403498477587229,-2.4326205686829687,-2.8854938148342097,2.210163013001854,-0.0652078844097142,-0.2852460515702354,0.0,0.0,0.0,0.0,0.0,0.0
355,355,255,0,-0.3115099666787435,-0.2946861915763324,-0.4787726465631471,-0.4483473704324735,-0.6623946162169881,-1.1822922089470431,-1.4555799416646498,-1.465472873793367,-1.7700808057704254,1.0812249425467382,-2.41549583744681,-2.8854938148342097,3.0099951337261963,-0.1028233879668304,0.804600189896774,0.0,0.0,0.0,0.0,0.0,0.0
356,356,255,0,-0.2854633221118088,-0.258600293514949,1.7207987215275682,0.843021121643641,0.4862445951940629,-1.1822922089470431,1.1618614500915652,-1.465472873793367,-1.434560854302216,1.530131074061719,-1.867504437889812,-1.400162448209116,-0.38929137935226,-0.1028233879668304,-0.3654024848136151,0.0,0.0,0.0,0.0,0.0,0.0
357,357,255,0,-0.1990454330128331,-0.2802824684173602,2.294774390841539,0.843021121643641,0.4862445951940629,-1.1822922089470431,1.1618614500915652,-1.3642572386294494,-1.434560854302216,1.2607873951527306,-1.8332549754175005,-2.8854938148342097,1.0104148319153397,0.3109471511614478,1.2152261286172472,0.0,0.0,0.0,0.0,0.0,0.0
358,358,255,0,-0.1539225995583393,-0.2802335810786658,0.3159629986220228,-0.1900736720172506,-0.4326667739347779,-1.1822922089470431,-0.1468592457865423,-1.3642572386294494,-1.434560854302216,1.2607873951527306,-1.8332549754175005,-2.8854938148342097,1.0104148319153397,0.3109471511614478,0.464286911916108,0.0,0.0,0.0,0.0,0.0,0.0
359,359,255,0,-0.3426117399429219,-0.2874530188203967,0.1393550562037991,0.3264737248131952,0.0267889106296424,0.1037740961307769,-1.4555799416646498,-1.566688508957285,-1.881920789593162,1.6199123003647151,-2.4326205686829687,-2.8854938148342097,2.410121043182939,-0.1028233879668304,1.063350781419264,0.0,0.0,0.0,0.0,0.0,0.0
360,360,255,0,-0.3293871827342619,-0.3042327248391401,5.513855288208746,2.3926633121349785,2.0943394911695346,-1.1822922089470431,2.4705821459696726,-0.1500347881596004,0.2663146665471244,-0.2476775240703009,-0.5667625893248283,0.0698512449381822,0.0362050362160249,-0.0790826667590213,0.7258500098681901,0.0,0.0,0.0,0.0,0.0,0.0
361,361,255,0,-0.3314936781017353,-0.2922852994535104,-0.2861094540517823,-0.1900736720172506,0.0267889106296424,0.1037740961307769,-1.4555799416646498,-1.5160806913753262,-1.7700808057704254,1.4403498477587229,-2.4326205686829687,-2.8854938148342097,2.210163013001854,-0.0652078844097142,-0.1164956657946985,0.0,0.0,0.0,0.0,0.0,0.0
362,362,255,0,-0.3187373588038114,-0.2948611384098039,-0.5349660697375586,-0.4483473704324735,-0.6623946162169881,0.1037740961307769,-0.1468592457865423,-1.5160806913753262,-1.8260007976817936,1.2607873951527306,-2.398371106210657,-2.9783270252482783,2.8100371035451106,-0.1028233879668304,-0.3780587637467807,0.0,0.0,0.0,0.0,0.0,0.0
363,363,255,0,-0.312073884653957,-0.3012830723394718,0.123299806110658,0.0682000263979722,0.0267889106296424,-1.1822922089470431,1.1618614500915652,-0.1500347881596004,0.2663146665471244,-0.2476775240703009,-0.5667625893248283,0.0698512449381822,0.0362050362160249,-0.0790826667590213,0.8903816359993385,0.0,0.0,0.0,0.0,0.0,0.0
364,364,255,0,-0.3073890128795769,-0.286549883437226,0.3882117197379945,-0.1900736720172506,-0.4326667739347779,-1.1822922089470431,-1.4555799416646498,-1.5160806913753262,-1.8260007976817936,1.2607873951527306,-2.398371106210657,-2.9783270252482783,2.8100371035451106,-0.1028233879668304,-0.3780587637467807,0.0,0.0,0.0,0.0,0.0,0.0
365,365,255,0,-0.3056401193563033,-0.2862847860232333,1.8211441303065357,0.3264737248131952,0.0267889106296424,-1.1822922089470431,1.1618614500915652,-1.5160806913753262,-1.8260007976817936,1.2607873951527306,-2.398371106210657,-2.9783270252482783,2.8100371035451106,-0.1028233879668304,0.5514746112334689,0.0,0.0,0.0,0.0,0.0,0.0
366,366,255,0,-0.2982905865477211,-0.285908702710561,0.5808748165525204,0.0682000263979722,-0.2029389316525677,-1.1822922089470431,-1.4555799416646498,-1.465472873793367,-1.7700808057704254,1.0812249425467382,-2.41549583744681,-2.8854938148342097,3.0099951337261963,-0.1028233879668304,0.3883492383171163,0.0,0.0,0.0,0.0,0.0,0.0
367,367,255,0,-0.2953582514253199,-0.2882536071907342,-0.4667312089932917,-0.4483473704324735,-0.6623946162169881,0.1037740961307769,-1.4555799416646498,-1.465472873793367,-1.4904808462135843,1.6199123003647151,-1.9702528253067528,-2.8854938148342097,0.0106246810099113,-0.1028233879668304,0.2111613332528023,0.0,0.0,0.0,0.0,0.0,0.0
368,368,255,0,-0.2911026936075882,-0.285572544057822,4.109019565303201,1.8761159153045328,1.4051559643229037,-1.1822922089470431,2.4705821459696726,-1.465472873793367,-1.4904808462135843,1.6199123003647151,-1.9702528253067528,-2.8854938148342097,0.0106246810099113,-0.1028233879668304,-0.3724337508875958,0.0,0.0,0.0,0.0,0.0,0.0
369,369,255,0,-0.2899317153435128,-0.2618611954043064,-0.6272838534699559,-0.4483473704324735,-0.4326667739347779,0.1037740961307769,-1.4555799416646498,-1.465472873793367,-1.434560854302216,1.530131074061719,-1.867504437889812,-1.400162448209116,-0.38929137935226,-0.1028233879668304,-0.2880585579998276,0.0,0.0,0.0,0.0,0.0,0.0
370,370,255,0,-0.1469943274745281,-0.2802331736841769,0.9983117017615308,0.0682000263979722,-0.2029389316525677,-1.1822922089470431,1.1618614500915652,-1.3642572386294494,-1.434560854302216,1.2607873951527306,-1.8332549754175005,-2.8854938148342097,1.0104148319153397,0.3109471511614478,-0.1179019190094943,0.0,0.0,0.0,0.0,0.0,0.0
371,371,255,0,-0.0762988396723235,-0.2812744157991603,0.2116037773197696,-0.1900736720172506,-0.4326667739347779,-1.1822922089470431,-0.1468592457865423,-1.4148650562114082,-1.5464008381249523,1.2607873951527306,-1.8332549754175005,-2.8854938148342097,1.410330892277511,0.0476386262616343,1.2152261286172472,0.0,0.0,0.0,0.0,0.0,0.0
372,372,255,0,-0.325893038816424,-0.2882678077986405,1.1668920191331846,0.0682000263979722,-0.2029389316525677,-1.1822922089470431,1.1618614500915652,-1.566688508957285,-1.881920789593162,1.6199123003647151,-2.4326205686829687,-2.8854938148342097,2.410121043182939,-0.1028233879668304,0.3039740454293476,0.0,0.0,0.0,0.0,0.0,0.0
373,373,255,0,-0.3137445467818249,-0.2983453506784131,0.0831616808778066,0.3264737248131952,0.0267889106296424,1.3898404012085974,-1.4555799416646498,-1.5160806913753262,-1.8260007976817936,1.2607873951527306,-2.398371106210657,-2.9783270252482783,2.8100371035451106,-0.1028233879668304,0.9002254085029119,0.0,0.0,0.0,0.0,0.0,0.0
374,374,255,0,-0.2823444204508553,-0.2854255910456749,0.0992169309709472,-0.4483473704324735,-0.6623946162169881,-1.1822922089470431,-0.1468592457865423,-1.465472873793367,-1.4904808462135843,1.6199123003647151,-1.9702528253067528,-2.8854938148342097,0.0106246810099113,-0.1028233879668304,0.3039740454293476,0.0,0.0,0.0,0.0,0.0,0.0
375,375,255,0,-0.2060028501263052,-0.2812810505094115,0.3079353735754525,-0.1900736720172506,-0.4326667739347779,-1.1822922089470431,-0.1468592457865423,-1.3642572386294494,-1.434560854302216,1.2607873951527306,-1.8332549754175005,-2.8854938148342097,1.0104148319153397,0.3109471511614478,0.3841304786727278,0.0,0.0,0.0,0.0,0.0,0.0
376,376,255,0,-0.1272255606452868,-0.281086141345973,-0.0131699153778756,-0.4483473704324735,-0.6623946162169881,-1.1822922089470431,-0.1468592457865423,-1.4148650562114082,-1.5464008381249523,1.2607873951527306,-1.8332549754175005,-2.8854938148342097,1.410330892277511,0.0476386262616343,-0.2852460515702354,0.0,0.0,0.0,0.0,0.0,0.0
377,377,255,0,-0.4146011136671804,-0.3147587508522233,0.1835070896567742,0.3264737248131952,0.0267889106296424,-1.1822922089470431,1.1618614500915652,-1.465472873793367,-1.0431209109226385,1.3954592346072248,-2.261373256321405,-3.256826656490483,-1.7889975906198596,-0.1028233879668304,0.0452234539068576,0.0,0.0,0.0,0.0,0.0,0.0
378,378,255,0,-0.3628690695062161,-0.2896997994279047,0.2758248733891714,-0.1900736720172506,-0.4326667739347779,-1.1822922089470431,-0.1468592457865423,-1.465472873793367,-1.0431209109226385,1.3954592346072248,-2.261373256321405,-3.256826656490483,-1.7889975906198596,-0.1028233879668304,-0.3794650169615765,0.0,0.0,0.0,0.0,0.0,0.0
379,379,255,0,-0.3368494607891655,-0.2851272036819993,0.6531236333653307,0.0682000263979722,-0.2029389316525677,-1.1822922089470431,1.1618614500915652,-1.566688508957285,-1.881920789593162,1.6199123003647151,-2.4326205686829687,-2.8854938148342097,2.410121043182939,-0.1028233879668304,-0.2866523047850313,0.0,0.0,0.0,0.0,0.0,0.0
380,380,255,0,-0.3315245488239416,-0.2766165582066032,0.3681425614247296,0.843021121643641,0.4862445951940629,1.3898404012085974,-0.1468592457865423,-1.566688508957285,-1.881920789593162,1.6199123003647151,-2.4326205686829687,-2.8854938148342097,2.410121043182939,-0.1028233879668304,1.1435072146626442,0.0,0.0,0.0,0.0,0.0,0.0
381,381,255,0,-0.3259559307225351,-0.2785352116527295,-0.5791180553421146,-0.4483473704324735,-0.6623946162169881,-1.1822922089470431,-1.4555799416646498,-1.566688508957285,-1.881920789593162,1.6199123003647151,-2.4326205686829687,-2.8854938148342097,2.410121043182939,-0.1028233879668304,0.3095990582885324,0.0,0.0,0.0,0.0,0.0,0.0
382,382,255,0,-0.3211005988733588,-0.2941129293309251,0.067106335087827,0.0682000263979722,0.2565167529118527,0.1037740961307769,-0.1468592457865423,-1.465472873793367,-1.7700808057704254,1.0812249425467382,-2.41549583744681,-2.8854938148342097,3.0099951337261963,-0.1028233879668304,0.7258500098681901,0.0,0.0,0.0,0.0,0.0,0.0
383,383,255,0,-0.2878096887431331,-0.2600180263370927,-0.4787726465631471,-0.1900736720172506,-0.4326667739347779,-1.1822922089470431,-1.4555799416646498,-1.465472873793367,-1.4904808462135843,1.530131074061719,-1.8503797066536591,-2.142828131521663,0.0106246810099113,-0.1028233879668304,-0.2950898240738083,0.0,0.0,0.0,0.0,0.0,0.0
384,384,255,0,-0.2946048907573075,-0.2952105664830445,-0.635311478516526,-0.4483473704324735,-0.6623946162169881,-1.1822922089470431,-1.4555799416646498,-1.5160806913753262,-1.881920789593162,1.2607873951527306,-2.398371106210657,-2.8854938148342097,3.0099951337261963,-0.1028233879668304,0.9831943481758842,0.0,0.0,0.0,0.0,0.0,0.0
385,385,255,0,-0.1538274947247091,-0.3134187139790754,0.1433688687270837,0.0682000263979722,-0.2029389316525677,0.1037740961307769,1.1618614500915652,-1.566688508957285,-1.881920789593162,1.2158967820012323,-2.329872181266028,-3.212266715491731,2.410121043182939,-0.1028233879668304,-0.3766525105319843,0.0,0.0,0.0,0.0,0.0,0.0
386,386,255,0,-0.3398234042762799,-0.2883210600782904,-0.0252113529477311,0.3264737248131952,0.0267889106296424,0.1037740961307769,-1.4555799416646498,-1.566688508957285,-1.881920789593162,1.6199123003647151,-2.4326205686829687,-2.8854938148342097,2.410121043182939,-0.1028233879668304,0.9831943481758842,0.0,0.0,0.0,0.0,0.0,0.0
387,387,255,0,-0.3323028361620544,-0.2973197059524421,2.9249434354815,1.101294820058864,0.7159724374762731,-1.1822922089470431,1.1618614500915652,-1.5160806913753262,-1.7700808057704254,1.4403498477587229,-2.4326205686829687,-2.8854938148342097,2.210163013001854,-0.0652078844097142,-0.3710274976728,0.0,0.0,0.0,0.0,0.0,0.0
388,388,255,0,-0.3270647840549649,-0.305464452977394,1.7810060050736842,0.5847474232284181,0.2565167529118527,-1.1822922089470431,1.1618614500915652,-0.1500347881596004,0.2663146665471244,-0.2476775240703009,-0.5667625893248283,0.0698512449381822,0.0362050362160249,-0.0790826667590213,0.635849804121237,0.0,0.0,0.0,0.0,0.0,0.0
389,389,255,0,-0.3244112441505037,-0.3124329357138259,1.4639145286436424,0.3264737248131952,0.0267889106296424,-1.1822922089470431,1.1618614500915652,-1.566688508957285,-1.7141608138590572,1.485240460910221,-2.5696184185722153,-2.8854938148342097,0.6104987715531683,-0.1028233879668304,0.472724431204885,0.0,0.0,0.0,0.0,0.0,0.0
390,390,255,0,-0.2535196026289369,-0.2899111207693335,0.9421183264355388,1.3595685184740869,0.9457002797584834,-1.1822922089470431,-0.1468592457865423,-1.465472873793367,-1.4904808462135843,1.6199123003647151,-1.9702528253067528,-2.8854938148342097,0.0106246810099113,-0.1028233879668304,0.2153800928971909,0.0,0.0,0.0,0.0,0.0,0.0
391,391,255,0,-0.3641073497795747,-0.2896243150489913,0.3199768111453079,-0.1900736720172506,-0.4326667739347779,-1.1822922089470431,-0.1468592457865423,-1.465472873793367,-1.0431209109226385,1.3954592346072248,-2.261373256321405,-3.256826656490483,-1.7889975906198596,-0.1028233879668304,0.8017876834671818,0.0,0.0,0.0,0.0,0.0,0.0
392,392,255,0,-0.3501257887741957,-0.2899866051482462,1.034436110167936,0.0682000263979722,-0.2029389316525677,-1.1822922089470431,-1.4555799416646498,-1.465472873793367,-1.0431209109226385,1.3954592346072248,-2.261373256321405,-3.256826656490483,-1.7889975906198596,-0.1028233879668304,-0.2064958715416516,0.0,0.0,0.0,0.0,0.0,0.0
393,393,255,0,-0.3266983620044249,-0.2949259723327871,1.1147123606336389,0.0682000263979722,-0.2029389316525677,-1.1822922089470431,1.1618614500915652,-1.5160806913753262,-1.881920789593162,1.2607873951527306,-2.398371106210657,-2.8854938148342097,3.0099951337261963,-0.1028233879668304,1.2152261286172472,0.0,0.0,0.0,0.0,0.0,0.0
394,394,255,0,-0.3259823913415693,-0.2814320192672377,-0.0372528862144256,0.0682000263979722,-0.2029389316525677,0.1037740961307769,-1.4555799416646498,-1.566688508957285,-1.881920789593162,1.6199123003647151,-2.4326205686829687,-2.8854938148342097,2.410121043182939,-0.1028233879668304,-0.3822775233911692,0.0,0.0,0.0,0.0,0.0,0.0
395,395,255,0,-0.3259626417491011,-0.2793562279467355,-0.6192562284233856,-0.4483473704324735,-0.6623946162169881,-1.1822922089470431,-1.4555799416646498,-1.566688508957285,-1.881920789593162,1.6199123003647151,-2.4326205686829687,-2.8854938148342097,2.410121043182939,-0.1028233879668304,-0.3654024848136151,0.0,0.0,0.0,0.0,0.0,0.0
396,396,255,0,-0.3243774972740549,-0.3129231476826647,3.3383667952577434,1.101294820058864,0.7159724374762731,-1.1822922089470431,1.1618614500915652,-1.566688508957285,-1.7141608138590572,1.485240460910221,-2.5696184185722153,-2.8854938148342097,0.6104987715531683,-0.1028233879668304,0.0395984410476733,0.0,0.0,0.0,0.0,0.0,0.0
397,397,255,0,-0.3237608498043859,-0.270453086980676,0.5367229744932234,1.101294820058864,0.9457002797584834,0.1037740961307769,-0.1468592457865423,-1.566688508957285,-1.881920789593162,1.6199123003647151,-2.4326205686829687,-2.8854938148342097,2.410121043182939,-0.1028233879668304,1.2152261286172472,0.0,0.0,0.0,0.0,0.0,0.0
398,398,255,0,-0.3098671073752226,-0.2870471957100184,0.067106335087827,-0.4483473704324735,-0.6623946162169881,-1.1822922089470431,-1.4555799416646498,-1.5160806913753262,-1.881920789593162,1.2607873951527306,-2.398371106210657,-2.8854938148342097,3.0099951337261963,-0.1028233879668304,-0.034932979336522,0.0,0.0,0.0,0.0,0.0,0.0
399,399,255,0,-0.2840281211446238,-0.2565755429040127,1.307375553145004,0.0682000263979722,0.0267889106296424,-1.1822922089470431,1.1618614500915652,-1.465472873793367,-1.4904808462135843,1.530131074061719,-1.8503797066536591,-2.142828131521663,0.0106246810099113,-0.1028233879668304,1.2152261286172472,0.0,0.0,0.0,0.0,0.0,0.0
400,400,255,0,-0.1453280754498324,-0.2802140843424011,-0.1416121075166783,-0.4483473704324735,-0.6623946162169881,-1.1822922089470431,-0.1468592457865423,-1.4148650562114082,-1.5464008381249523,1.2607873951527306,-1.8332549754175005,-2.8854938148342097,1.410330892277511,0.0476386262616343,0.4755369376344772,0.0,0.0,0.0,0.0,0.0,0.0
401,401,255,0,-0.3735378760546718,-0.2894418023178647,0.4725017827269822,-0.1900736720172506,-0.4326667739347779,-1.1822922089470431,-0.1468592457865423,-1.465472873793367,-1.0431209109226385,1.3954592346072248,-2.261373256321405,-3.256826656490483,-1.7889975906198596,-0.1028233879668304,0.2983490325701632,0.0,0.0,0.0,0.0,0.0,0.0
402,402,255,0,-0.3359768355918827,-0.2858447417757683,-0.6433391035630964,-0.4483473704324735,-0.6623946162169881,0.1037740961307769,-1.4555799416646498,-1.566688508957285,-1.881920789593162,1.6199123003647151,-2.4326205686829687,-2.8854938148342097,2.410121043182939,-0.1028233879668304,1.2152261286172472,0.0,0.0,0.0,0.0,0.0,0.0
403,403,255,0,-0.3246526493632884,-0.2941124637372228,0.0831616808778066,0.3264737248131952,0.2565167529118527,0.1037740961307769,-0.1468592457865423,-1.5160806913753262,-1.881920789593162,1.2607873951527306,-2.398371106210657,-2.8854938148342097,3.0099951337261963,-0.1028233879668304,-0.1193081722242907,0.0,0.0,0.0,0.0,0.0,0.0
404,404,255,0,-0.3244229405110918,-0.3153261931763573,0.7976208842035957,0.0682000263979722,-0.2029389316525677,-1.1822922089470431,1.1618614500915652,-1.566688508957285,-1.7141608138590572,1.485240460910221,-2.5696184185722153,-2.8854938148342097,0.810456801734254,-0.1028233879668304,-0.3822775233911692,0.0,0.0,0.0,0.0,0.0,0.0
405,405,255,0,-0.2963581943837533,-0.2709432989495157,0.1273136186339432,-0.4483473704324735,-0.4326667739347779,-1.1822922089470431,-0.1468592457865423,-1.465472873793367,-1.4904808462135843,1.6199123003647151,-1.9702528253067528,-2.5141609731779364,0.210582711190997,-0.1028233879668304,0.0395984410476733,0.0,0.0,0.0,0.0,0.0,0.0
406,406,255,0,-0.2339813116263578,-0.2819293315400301,-0.2700542039586417,-0.4483473704324735,-0.4326667739347779,0.1037740961307769,-0.1468592457865423,-1.465472873793367,-1.4904808462135843,1.6199123003647151,-1.9702528253067528,-2.5141609731779364,0.210582711190997,-0.1028233879668304,0.9775693353166994,0.0,0.0,0.0,0.0,0.0,0.0
407,407,255,0,-0.1768856232896975,-0.280265125051967,0.2597695275991918,-0.1900736720172506,-0.4326667739347779,-1.1822922089470431,-0.1468592457865423,-1.3642572386294494,-1.434560854302216,1.2607873951527306,-1.781880781709036,-2.8854938148342097,0.810456801734254,0.0100231227045181,-0.0335267261217262,0.0,0.0,0.0,0.0,0.0,0.0
408,408,255,0,-0.0621096203306099,-0.2814843985586963,-0.0211975404244459,-0.4483473704324735,-0.6623946162169881,-1.1822922089470431,-0.1468592457865423,-1.4148650562114082,-1.6023208300363208,1.1261155556982363,-1.781880781709036,-2.8854938148342097,1.6102889224585968,-0.0652078844097142,1.2152261286172472,0.0,0.0,0.0,0.0,0.0,0.0
409,409,255,0,-0.4044442625739536,-0.3127699673547554,0.1714655563900796,0.0682000263979722,-0.2029389316525677,0.1037740961307769,1.1618614500915652,-1.4148650562114082,-0.9872009190112704,1.3505686214557266,-2.244248525085252,-3.256826656490483,-1.7889975906198596,-0.1028233879668304,-0.2908710644294198,0.0,0.0,0.0,0.0,0.0,0.0
410,410,255,0,-0.3454936464942656,-0.2884658015203543,2.575741458865176,0.843021121643641,0.2565167529118527,-1.1822922089470431,1.1618614500915652,-1.566688508957285,-1.9378407815045304,1.3056780083042288,-2.41549583744681,-2.5141609731779364,3.0099951337261963,-0.1028233879668304,1.2152261286172472,0.0,0.0,0.0,0.0,0.0,0.0
411,411,255,0,-0.342621135380116,-0.2947585331977573,6.94678760308045,6.783316185193767,5.7699849676848975,0.1037740961307769,2.4705821459696726,-1.5160806913753262,-1.7700808057704254,1.4403498477587229,-2.4326205686829687,-2.8854938148342097,2.210163013001854,-0.0652078844097142,1.2152261286172472,0.0,0.0,0.0,0.0,0.0,0.0
412,412,255,0,-0.3398519740750924,-0.2991450660605594,0.2637833401224769,0.5847474232284181,0.2565167529118527,0.1037740961307769,-0.1468592457865423,-1.5160806913753262,-1.7700808057704254,1.4403498477587229,-2.4326205686829687,-2.8854938148342097,2.210163013001854,-0.0652078844097142,1.1477259743070327,0.0,0.0,0.0,0.0,0.0,0.0
413,413,255,0,-0.3296782495436412,-0.2883290915696469,0.6571373501917771,-0.1900736720172506,-0.4326667739347779,-1.1822922089470431,-0.1468592457865423,-1.566688508957285,-1.881920789593162,1.6199123003647151,-2.4326205686829687,-2.8854938148342097,2.410121043182939,-0.1028233879668304,1.2152261286172472,0.0,0.0,0.0,0.0,0.0,0.0
414,414,255,0,-0.3274254537970187,-0.3053125530321648,0.8176900425168604,-0.1900736720172506,-0.2029389316525677,-1.1822922089470431,1.1618614500915652,-0.1500347881596004,0.2663146665471244,-0.2476775240703009,-0.5667625893248283,0.0698512449381822,0.0362050362160249,-0.0790826667590213,0.1267861403650342,0.0,0.0,0.0,0.0,0.0,0.0
415,415,255,0,-0.3398907062855631,-0.2896078446717884,0.1594241188202242,-0.1900736720172506,-0.4326667739347779,1.3898404012085974,-1.4555799416646498,-1.465472873793367,-1.658240821947689,1.5750216872132172,-2.398371106210657,-2.8854938148342097,1.6102889224585968,-0.1028233879668304,-0.3682149912432078,0.0,0.0,0.0,0.0,0.0,0.0
416,416,255,0,-0.3398212950965017,-0.2895039590770624,-0.5670766177722592,-0.1900736720172506,-0.4326667739347779,0.1037740961307769,-1.4555799416646498,-1.465472873793367,-1.658240821947689,1.5750216872132172,-2.398371106210657,-2.8854938148342097,1.6102889224585968,-0.1028233879668304,-0.3668087380284114,0.0,0.0,0.0,0.0,0.0,0.0
417,417,255,0,-0.3259852674958117,-0.2817060211607782,-0.1456259200399634,-0.1900736720172506,-0.4326667739347779,0.1037740961307769,-1.4555799416646498,-1.566688508957285,-1.881920789593162,1.6199123003647151,-2.4326205686829687,-2.8854938148342097,2.410121043182939,-0.1028233879668304,1.2152261286172472,0.0,0.0,0.0,0.0,0.0,0.0
418,418,255,0,-0.3244484424120448,-0.3084118357077666,4.19330972398903,1.6178422168893098,1.1754281220406937,-1.1822922089470431,1.1618614500915652,-0.1500347881596004,0.2663146665471244,-0.2476775240703009,-0.5667625893248283,0.0698512449381822,0.0362050362160249,-0.0790826667590213,1.2152261286172472,0.0,0.0,0.0,0.0,0.0,0.0
419,419,255,0,-0.3243959046612091,-0.3080064781910897,0.1875209021800593,-0.1900736720172506,-0.4326667739347779,-1.1822922089470431,-0.1468592457865423,-0.1500347881596004,0.2663146665471244,-0.2476775240703009,-0.5667625893248283,0.0698512449381822,0.0362050362160249,-0.0790826667590213,0.0452234539068576,0.0,0.0,0.0,0.0,0.0,0.0
420,420,255,0,-0.3092782627299018,-0.2974084597518581,0.295893936005597,0.5847474232284181,0.2565167529118527,1.3898404012085974,-0.1468592457865423,-1.5160806913753262,-1.8260007976817936,1.2607873951527306,-2.398371106210657,-2.8854938148342097,2.8100371035451106,-0.1028233879668304,-0.1980583522528745,0.0,0.0,0.0,0.0,0.0,0.0
421,421,255,0,-0.3078746994593874,-0.2951585945860757,-0.1857640452728148,-0.1900736720172506,-0.4326667739347779,-1.1822922089470431,-1.4555799416646498,-1.5160806913753262,-1.8260007976817936,1.2607873951527306,-2.398371106210657,-2.8854938148342097,2.8100371035451106,-0.1028233879668304,0.633037297691645,0.0,0.0,0.0,0.0,0.0,0.0
422,422,255,0,-0.2077948859632217,-0.2812841932668986,0.8538144509232658,0.0682000263979722,-0.2029389316525677,-1.1822922089470431,1.1618614500915652,-1.3642572386294494,-1.434560854302216,1.2607873951527306,-1.781880781709036,-2.8854938148342097,0.810456801734254,0.0100231227045181,0.8074126963263661,0.0,0.0,0.0,0.0,0.0,0.0
423,423,255,0,-0.128464607893111,-0.2809156176526687,-0.2138607329358107,-0.1900736720172506,-0.4326667739347779,0.1037740961307769,-0.1468592457865423,-1.4148650562114082,-1.6023208300363208,1.1261155556982363,-1.781880781709036,-2.8854938148342097,1.6102889224585968,-0.0652078844097142,-0.2922773176442161,0.0,0.0,0.0,0.0,0.0,0.0
424,424,255,0,-0.3344948491823468,-0.303364217987545,0.3681425614247296,0.0682000263979722,0.0267889106296424,0.1037740961307769,-1.4555799416646498,-0.1500347881596004,0.2663146665471244,-0.2476775240703009,-0.5667625893248283,0.0698512449381822,0.0362050362160249,-0.0790826667590213,1.2152261286172472,0.0,0.0,0.0,0.0,0.0,0.0
425,425,255,0,-0.3262932077434141,-0.3034752038862245,0.0711201476111121,0.0682000263979722,-0.2029389316525677,0.1037740961307769,-1.4555799416646498,-0.1500347881596004,0.2663146665471244,-0.2476775240703009,-0.5667625893248283,0.0698512449381822,0.0362050362160249,-0.0790826667590213,0.9775693353166994,0.0,0.0,0.0,0.0,0.0,0.0
426,426,255,0,-0.3259428921566316,-0.2903431917246538,-0.2259021705056659,-0.1900736720172506,-0.2029389316525677,0.1037740961307769,-1.4555799416646498,-1.5160806913753262,-1.8260007976817936,1.2607873951527306,-2.398371106210657,-2.8854938148342097,2.8100371035451106,-0.1028233879668304,-0.034932979336522,0.0,0.0,0.0,0.0,0.0,0.0
427,427,255,0,-0.2954510553355561,-0.2859877372414505,-0.434620660958591,-0.1900736720172506,-0.4326667739347779,0.1037740961307769,-1.4555799416646498,-1.465472873793367,-1.4904808462135843,1.6199123003647151,-1.9702528253067528,-2.5141609731779364,0.210582711190997,-0.1028233879668304,-0.2880585579998276,0.0,0.0,0.0,0.0,0.0,0.0
428,428,255,0,-0.3712835463591196,-0.2986188869782522,0.4684879702036971,0.5847474232284181,0.2565167529118527,-1.1822922089470431,1.1618614500915652,-1.4148650562114082,-0.9872009190112704,1.3505686214557266,-2.244248525085252,-3.256826656490483,-1.7889975906198596,-0.1028233879668304,0.3911617447467085,0.0,0.0,0.0,0.0,0.0,0.0
429,429,255,0,-0.326846963306972,-0.2909350777181354,-0.5229246321677031,-0.1900736720172506,-0.4326667739347779,0.1037740961307769,-1.4555799416646498,-1.5160806913753262,-1.8260007976817936,1.2607873951527306,-2.398371106210657,-2.8854938148342097,2.8100371035451106,-0.1028233879668304,0.7089749712906366,0.0,0.0,0.0,0.0,0.0,0.0
430,430,255,0,-0.3135389976252712,-0.2983236423720644,-0.2218883579823808,-0.1900736720172506,-0.2029389316525677,0.1037740961307769,-1.4555799416646498,-1.5160806913753262,-1.8260007976817936,1.2607873951527306,-2.398371106210657,-2.8854938148342097,2.8100371035451106,-0.1028233879668304,1.2152261286172472,0.0,0.0,0.0,0.0,0.0,0.0
431,431,255,0,-0.3009362649639179,-0.2972872889909506,0.1794932771334891,0.843021121643641,0.4862445951940629,1.3898404012085974,-0.1468592457865423,-1.5160806913753262,-1.8260007976817936,1.2607873951527306,-2.398371106210657,-2.8854938148342097,2.8100371035451106,-0.1028233879668304,1.2152261286172472,0.0,0.0,0.0,0.0,0.0,0.0
432,432,255,0,-0.2953202861893119,-0.3037092229206184,0.3039215610521676,0.5847474232284181,0.2565167529118527,0.1037740961307769,-0.1468592457865423,-1.5160806913753262,-1.8260007976817936,1.2607873951527306,-2.398371106210657,-2.8854938148342097,2.8100371035451106,-0.1028233879668304,1.1491322275218283,0.0,0.0,0.0,0.0,0.0,0.0
433,433,255,0,-0.2953041797255544,-0.2993857198052053,-0.3302614396563382,0.0682000263979722,-0.2029389316525677,0.1037740961307769,-1.4555799416646498,-1.5160806913753262,-1.881920789593162,1.2607873951527306,-2.398371106210657,-2.8854938148342097,3.0099951337261963,-0.1028233879668304,0.9789755885314958,0.0,0.0,0.0,0.0,0.0,0.0
434,434,255,0,-0.2952888402362584,-0.2941316112782119,0.3159629986220228,0.843021121643641,0.4862445951940629,0.1037740961307769,-0.1468592457865423,-1.5160806913753262,-1.8260007976817936,1.2607873951527306,-2.398371106210657,-2.8854938148342097,2.8100371035451106,-0.1028233879668304,0.0564734796252268,0.0,0.0,0.0,0.0,0.0,0.0
435,435,255,0,-0.2828740163187728,-0.2854237868700798,-0.2018192953659553,-0.4483473704324735,-0.6623946162169881,-1.1822922089470431,-0.1468592457865423,-1.465472873793367,-1.4904808462135843,1.6199123003647151,-1.9702528253067528,-2.5141609731779364,0.210582711190997,-0.1028233879668304,0.3067865518589403,0.0,0.0,0.0,0.0,0.0,0.0
436,436,255,0,-0.0510297154690428,-0.2815194926839734,-0.1135153241568432,-0.4483473704324735,-0.6623946162169881,-1.1822922089470431,-0.1468592457865423,-1.4148650562114082,-1.6023208300363208,1.1261155556982363,-1.781880781709036,-2.8854938148342097,1.6102889224585968,-0.0652078844097142,0.4783494440640694,0.0,0.0,0.0,0.0,0.0,0.0
437,437,255,0,-0.3846382974831726,-0.2897410626697315,0.4805295034703916,-0.1900736720172506,-0.4326667739347779,-1.1822922089470431,-0.1468592457865423,-1.4148650562114082,-0.9872009190112704,1.3505686214557266,-2.244248525085252,-3.256826656490483,-1.7889975906198596,-0.1028233879668304,-0.2880585579998276,0.0,0.0,0.0,0.0,0.0,0.0
438,438,255,0,-0.340124825240932,-0.3033602022418667,-0.4546897714234362,-0.1900736720172506,-0.4326667739347779,-1.1822922089470431,-1.4555799416646498,-1.566688508957285,-1.9378407815045304,1.3056780083042288,-2.41549583744681,-2.5141609731779364,3.0099951337261963,-0.1028233879668304,0.5585058773074496,0.0,0.0,0.0,0.0,0.0,0.0
439,439,255,0,-0.3357632332034462,-0.2894786424195243,4.398014066979731,1.8761159153045328,1.4051559643229037,-1.1822922089470431,1.1618614500915652,-1.465472873793367,-1.658240821947689,1.5750216872132172,-2.398371106210657,-2.8854938148342097,1.6102889224585968,-0.1028233879668304,-0.043370498625299,0.0,0.0,0.0,0.0,0.0,0.0
440,440,255,0,-0.3249569464821829,-0.2910908770106177,-0.3503305022727638,-0.1900736720172506,-0.4326667739347779,-1.1822922089470431,-1.4555799416646498,-1.5160806913753262,-1.8260007976817936,1.2607873951527306,-2.398371106210657,-2.8854938148342097,2.8100371035451106,-0.1028233879668304,-0.2964960772886046,0.0,0.0,0.0,0.0,0.0,0.0
441,441,255,0,-0.2897825388101145,-0.2637771716866472,0.97422882662182,0.0682000263979722,-0.2029389316525677,-1.1822922089470431,1.1618614500915652,-1.465472873793367,-1.434560854302216,1.530131074061719,-1.8332549754175005,-2.142828131521663,-0.1893333491711743,-0.1028233879668304,0.218192599326783,0.0,0.0,0.0,0.0,0.0,0.0
442,442,255,0,-0.1972292374802762,-0.2802558131779294,1.8171302220864112,0.3264737248131952,0.2565167529118527,-1.1822922089470431,1.1618614500915652,-1.3642572386294494,-1.434560854302216,1.2607873951527306,-1.781880781709036,-2.8854938148342097,0.810456801734254,0.0100231227045181,0.2210051057563757,0.0,0.0,0.0,0.0,0.0,0.0
443,443,255,0,-0.3829808656648212,-0.2893139386474934,0.1754794646102039,0.0682000263979722,-0.4326667739347779,0.1037740961307769,-1.4555799416646498,-1.4148650562114082,-0.9872009190112704,1.3505686214557266,-2.244248525085252,-3.256826656490483,-1.7889975906198596,-0.1028233879668304,1.2152261286172472,0.0,0.0,0.0,0.0,0.0,0.0
444,444,255,0,-0.3453655617586509,-0.2912321264999174,2.3308987992479437,0.843021121643641,0.4862445951940629,-1.1822922089470431,1.1618614500915652,-1.566688508957285,-1.9378407815045304,1.3056780083042288,-2.41549583744681,-2.5141609731779364,3.0099951337261963,-0.1028233879668304,-0.1966520990380782,0.0,0.0,0.0,0.0,0.0,0.0
445,445,255,0,-0.2863819657769784,-0.2598399949453469,0.681220225331488,0.0682000263979722,-0.2029389316525677,-1.1822922089470431,1.1618614500915652,-1.465472873793367,-1.434560854302216,1.530131074061719,-1.8332549754175005,-2.142828131521663,-0.1893333491711743,-0.1028233879668304,1.2152261286172472,0.0,0.0,0.0,0.0,0.0,0.0
446,446,255,0,-0.0439148768466779,-0.2813130600764142,0.2557557150759066,-0.1900736720172506,-0.4326667739347779,-1.1822922089470431,-0.1468592457865423,-1.4148650562114082,-1.6023208300363208,1.1261155556982363,-1.781880781709036,-2.8854938148342097,1.6102889224585968,-0.0652078844097142,-0.3682149912432078,0.0,0.0,0.0,0.0,0.0,0.0
447,447,255,0,-0.3472241326303851,-0.2616964916322755,0.0952031184476619,-0.4483473704324735,-0.6623946162169881,-1.1822922089470431,-0.1468592457865423,-1.465472873793367,-1.0431209109226385,1.3505686214557266,-2.038751750251376,-2.5141609731779364,-1.1891235000766027,-0.1028233879668304,-0.1347769575870484,0.0,0.0,0.0,0.0,0.0,0.0
448,448,255,0,-0.3445433651324255,-0.3033615408237595,-0.4787726465631471,-0.4483473704324735,-0.4326667739347779,-1.1822922089470431,-1.4555799416646498,-1.566688508957285,-1.9378407815045304,1.3056780083042288,-2.41549583744681,-2.5141609731779364,3.0099951337261963,-0.1028233879668304,-0.3696212444580036,0.0,0.0,0.0,0.0,0.0,0.0
449,449,255,0,-0.2931836870741032,-0.2670988917533095,2.43927202446716,1.101294820058864,0.7159724374762731,-1.1822922089470431,1.1618614500915652,-1.465472873793367,-1.4904808462135843,1.530131074061719,-1.8161302441813476,-2.5141609731779364,0.0106246810099113,-0.1028233879668304,1.066163287848856,0.0,0.0,0.0,0.0,0.0,0.0
450,450,255,0,-0.1538414920086911,-0.3145300861454004,-0.2539989538655012,-0.4483473704324735,-0.4326667739347779,0.1037740961307769,-0.1468592457865423,-1.566688508957285,-1.881920789593162,0.991443716243742,-2.2956227187937164,-3.163993446076415,2.610079073364025,-0.1028233879668304,1.2152261286172472,0.0,0.0,0.0,0.0,0.0,0.0
451,451,255,0,-0.1168194428510123,-0.2813188217984742,0.2156175898430553,-0.4483473704324735,-0.4326667739347779,-1.1822922089470431,-0.1468592457865423,-1.4148650562114082,-1.6023208300363208,1.1261155556982363,-1.781880781709036,-2.8854938148342097,1.6102889224585968,-0.0652078844097142,-0.289464811214624,0.0,0.0,0.0,0.0,0.0,0.0
452,452,255,0,-0.3362759556331394,-0.2943677836834772,0.40828078235442,-0.1900736720172506,-0.4326667739347779,-1.1822922089470431,-0.1468592457865423,-1.566688508957285,-1.9378407815045304,1.3056780083042288,-2.41549583744681,-2.5141609731779364,3.0099951337261963,-0.1028233879668304,-0.3724337508875958,0.0,0.0,0.0,0.0,0.0,0.0
453,453,255,0,-0.3322545167707765,-0.2991641554023351,-0.0091561028545905,-0.1900736720172506,-0.4326667739347779,-1.1822922089470431,-0.1468592457865423,-1.566688508957285,-1.9378407815045304,1.3056780083042288,-2.41549583744681,-2.5141609731779364,3.0099951337261963,-0.1028233879668304,-0.3035273433625853,0.0,0.0,0.0,0.0,0.0,0.0
454,454,255,0,-0.2828740163187728,-0.2854237868700798,2.122180356643438,0.3264737248131952,0.0267889106296424,-1.1822922089470431,1.1618614500915652,-1.465472873793367,-1.4904808462135843,1.6199123003647151,-1.9360033628344413,-2.5141609731779364,0.210582711190997,-0.1028233879668304,-0.2008708586824667,0.0,0.0,0.0,0.0,0.0,0.0
455,455,255,0,-0.15302006235693,-0.3095201233158163,-0.3744134252608944,-0.4483473704324735,-0.6623946162169881,0.1037740961307769,-0.1468592457865423,-1.566688508957285,-1.9378407815045304,1.6199123003647151,-2.038751750251376,-2.9783270252482783,3.409911194088368,-0.1028233879668304,0.8974129020733191,0.0,0.0,0.0,0.0,0.0,0.0
456,456,255,0,-0.3439575883849643,-0.2900083716538083,1.9214895390855031,0.3264737248131952,0.0267889106296424,-1.1822922089470431,-1.4555799416646498,-1.566688508957285,-1.9378407815045304,1.3056780083042288,-2.41549583744681,-2.5141609731779364,3.0099951337261963,-0.1028233879668304,1.2152261286172472,0.0,0.0,0.0,0.0,0.0,0.0
457,457,255,0,-0.3426169170205596,-0.2906668375466548,-0.0211975404244459,0.0682000263979722,0.0267889106296424,0.1037740961307769,-1.4555799416646498,-1.465472873793367,-1.658240821947689,1.5750216872132172,-2.398371106210657,-2.8854938148342097,1.6102889224585968,-0.1028233879668304,1.2152261286172472,0.0,0.0,0.0,0.0,0.0,0.0
458,458,255,0,-0.312920240975824,-0.2987539091517896,-0.3784272377841796,-0.1900736720172506,-0.4326667739347779,0.1037740961307769,-1.4555799416646498,-1.5160806913753262,-1.881920789593162,1.2607873951527306,-2.3812463749744985,-2.8854938148342097,3.0099951337261963,-0.1028233879668304,0.7160062373646173,0.0,0.0,0.0,0.0,0.0,0.0
459,459,255,0,-0.3009339640405239,-0.2926023687644729,-0.6112286033768153,-0.4483473704324735,-0.4326667739347779,0.1037740961307769,-1.4555799416646498,-1.5160806913753262,-1.881920789593162,1.2607873951527306,-2.3812463749744985,-2.8854938148342097,3.0099951337261963,-0.1028233879668304,-0.2866523047850313,0.0,0.0,0.0,0.0,0.0,0.0
460,460,255,0,-0.2953618945540279,-0.2865409789576782,-0.5068693820745626,-0.4483473704324735,-0.4326667739347779,0.1037740961307769,-1.4555799416646498,-1.465472873793367,-1.4904808462135843,1.6199123003647151,-1.9360033628344413,-2.5141609731779364,0.210582711190997,-0.1028233879668304,-0.2866523047850313,0.0,0.0,0.0,0.0,0.0,0.0
461,461,255,0,-0.153293488753618,-0.2802335810786658,0.2677971526457621,-0.1900736720172506,-0.4326667739347779,-1.1822922089470431,-0.1468592457865423,-1.3642572386294494,-1.434560854302216,1.2607873951527306,-1.781880781709036,-2.8854938148342097,0.810456801734254,0.0100231227045181,-0.289464811214624,0.0,0.0,0.0,0.0,0.0,0.0
462,462,255,0,-0.3322361093836224,-0.3000837611627095,0.520667628703243,-0.1900736720172506,-0.4326667739347779,-1.1822922089470431,-0.1468592457865423,-1.5160806913753262,-1.7700808057704254,1.4403498477587229,-2.4326205686829687,-2.8854938148342097,2.210163013001854,-0.0652078844097142,1.2152261286172472,0.0,0.0,0.0,0.0,0.0,0.0
463,463,255,0,-0.325983733546882,-0.3061406696301244,1.8532546304928168,0.843021121643641,0.4862445951940629,-1.1822922089470431,1.1618614500915652,-0.1500347881596004,0.2663146665471244,-0.2476775240703009,-0.5667625893248283,0.0698512449381822,0.0362050362160249,-0.0790826667590213,0.9831943481758842,0.0,0.0,0.0,0.0,0.0,0.0
464,464,255,0,-0.2906637924701286,-0.2646549904122798,-0.0533081363075661,-0.4483473704324735,-0.6623946162169881,-1.1822922089470431,-0.1468592457865423,-1.465472873793367,-1.4904808462135843,1.530131074061719,-1.8161302441813476,-2.5141609731779364,0.0106246810099113,-0.1028233879668304,-0.2036833651120589,0.0,0.0,0.0,0.0,0.0,0.0
465,465,255,0,-0.3371506900102005,-0.2835921994462003,2.595810617178441,0.843021121643641,0.4862445951940629,-1.1822922089470431,1.1618614500915652,-1.465472873793367,-1.658240821947689,1.5750216872132172,-2.398371106210657,-2.8854938148342097,1.6102889224585968,-0.1028233879668304,-0.3724337508875958,0.0,0.0,0.0,0.0,0.0,0.0
466,466,255,0,-0.3322896058525393,-0.2946462087171858,2.8446671850157976,0.843021121643641,0.7159724374762731,-1.1822922089470431,1.1618614500915652,-1.5160806913753262,-1.7700808057704254,1.4403498477587229,-2.4326205686829687,-2.8854938148342097,2.210163013001854,-0.0652078844097142,1.2152261286172472,0.0,0.0,0.0,0.0,0.0,0.0
467,467,255,0,-0.3042064523380466,-0.283753818659956,0.2156175898430553,-0.1900736720172506,-0.4326667739347779,-1.1822922089470431,-0.1468592457865423,-1.465472873793367,-1.658240821947689,1.5750216872132172,-2.398371106210657,-2.8854938148342097,1.6102889224585968,-0.1028233879668304,0.2941302729257747,0.0,0.0,0.0,0.0,0.0,0.0
468,468,255,0,-0.3392119338842486,-0.2895217098369454,0.0831616808778066,-0.4483473704324735,-0.6623946162169881,-1.1822922089470431,-1.4555799416646498,-1.465472873793367,-1.658240821947689,1.5750216872132172,-2.398371106210657,-2.8854938148342097,1.6102889224585968,-0.1028233879668304,-0.2093083779712438,0.0,0.0,0.0,0.0,0.0,0.0
469,469,255,0,-0.2851684204301085,-0.2952194709625924,-0.2861094540517823,-0.1900736720172506,-0.4326667739347779,-1.1822922089470431,-1.4555799416646498,-1.5160806913753262,-1.881920789593162,1.2607873951527306,-2.3812463749744985,-2.5141609731779364,3.409911194088368,-0.1028233879668304,-0.2950898240738083,0.0,0.0,0.0,0.0,0.0,0.0
470,470,255,0,-0.3000270167359425,-0.290063893702754,-0.3744134252608944,-0.1900736720172506,-0.2029389316525677,1.3898404012085974,-1.4555799416646498,-1.5160806913753262,-1.881920789593162,1.2607873951527306,-2.3812463749744985,-2.5141609731779364,3.409911194088368,-0.1028233879668304,0.5613183837370418,0.0,0.0,0.0,0.0,0.0,0.0
471,471,255,0,-0.3518746822974693,-0.2796919210057722,0.576861099726074,1.101294820058864,0.7159724374762731,1.3898404012085974,-0.1468592457865423,-1.465472873793367,-1.658240821947689,1.5750216872132172,-2.398371106210657,-2.8854938148342097,1.6102889224585968,-0.1028233879668304,0.5444433451594882,0.0,0.0,0.0,0.0,0.0,0.0
472,472,255,0,-0.1538597076522282,-0.3103784453051835,0.1554103062969391,-0.1900736720172506,-0.4326667739347779,0.1037740961307769,-0.1468592457865423,-1.465472873793367,-1.8260007976817936,1.3056780083042288,-2.0730012127236876,-2.8854938148342097,3.809827254450539,-0.1028233879668304,1.2152261286172472,0.0,0.0,0.0,0.0,0.0,0.0
473,473,255,0,-0.3317571338303779,-0.2889377971356086,5.570048472141063,2.1343896137197556,1.634883806605114,-1.1822922089470431,1.1618614500915652,-1.465472873793367,-1.658240821947689,1.5750216872132172,-2.398371106210657,-2.8854938148342097,1.6102889224585968,-0.1028233879668304,1.2152261286172472,0.0,0.0,0.0,0.0,0.0,0.0
474,474,255,0,-0.3243922615325011,-0.3082466663420333,3.4949053879690233,1.3595685184740869,0.9457002797584834,-1.1822922089470431,1.1618614500915652,-0.1500347881596004,0.2663146665471244,-0.2476775240703009,-0.5667625893248283,0.0698512449381822,0.0362050362160249,-0.0790826667590213,1.2152261286172472,0.0,0.0,0.0,0.0,0.0,0.0
475,475,255,0,-0.3092709764724859,-0.2934499820986979,-0.7236154497256382,-0.4483473704324735,-0.6623946162169881,0.1037740961307769,-1.4555799416646498,-1.5160806913753262,-1.881920789593162,1.2607873951527306,-2.3812463749744985,-2.5141609731779364,3.409911194088368,-0.1028233879668304,1.0675695410636523,0.0,0.0,0.0,0.0,0.0,0.0
476,476,255,0,-0.1538414920086911,-0.3143870906797182,0.1273136186339432,-0.1900736720172506,-0.2029389316525677,0.1037740961307769,-1.4555799416646498,-1.566688508957285,-1.881920789593162,1.2607873951527306,-2.2784979875575635,-3.1417134755770384,2.610079073364025,-0.1028233879668304,1.2152261286172472,0.0,0.0,0.0,0.0,0.0,0.0
477,477,255,0,-0.3323041783673698,-0.2947683106654963,0.8176900425168604,-0.1900736720172506,-0.4326667739347779,-1.1822922089470431,-0.1468592457865423,-1.5160806913753262,-1.7700808057704254,1.4403498477587229,-2.4326205686829687,-2.8854938148342097,2.210163013001854,-0.0652078844097142,1.2152261286172472,0.0,0.0,0.0,0.0,0.0,0.0
478,478,255,0,-0.332234767178307,-0.2999061371654517,0.4163084074009903,-0.1900736720172506,-0.4326667739347779,-1.1822922089470431,-0.1468592457865423,-1.5160806913753262,-1.7700808057704254,1.4403498477587229,-2.4326205686829687,-2.8854938148342097,2.210163013001854,-0.0652078844097142,1.2152261286172472,0.0,0.0,0.0,0.0,0.0,0.0
479,479,255,0,-0.346812459086424,-0.2749914615894955,0.3601149363781593,-0.1900736720172506,-0.4326667739347779,-1.1822922089470431,-0.1468592457865423,-1.465472873793367,-1.658240821947689,1.5750216872132172,-2.398371106210657,-2.8854938148342097,1.6102889224585968,-0.1028233879668304,1.2152261286172472,0.0,0.0,0.0,0.0,0.0,0.0
480,480,255,0,-1.208321895451585,-0.563524941959738,-0.6152424159001003,-0.4483473704324735,-0.6623946162169881,0.1037740961307769,-0.1468592457865423,-1.566688508957285,-1.434560854302216,1.6199123003647151,-3.888222723756241,0.4565017600722513,-0.7892074397144313,-0.1028233879668304,1.2152261286172472,0.0,0.0,0.0,0.0,0.0,0.0
481,481,255,0,-1.2082992697048744,-0.5631182458611692,-0.1697087951796742,-0.4483473704324735,-0.4326667739347779,-1.1822922089470431,-0.1468592457865423,-1.566688508957285,-1.434560854302216,1.6199123003647151,-3.888222723756241,0.4565017600722513,-0.7892074397144313,-0.1028233879668304,1.2152261286172472,0.0,0.0,0.0,0.0,0.0,0.0
482,482,255,0,-1.2088771849640727,-0.5683630425141251,0.2999077485288823,-0.1900736720172506,-0.4326667739347779,-1.1822922089470431,-0.1468592457865423,-1.8197275968670796,-2.0496807653272664,0.4976469715772629,-3.905347454992399,0.4565017600722513,0.810456801734254,-0.1028233879668304,1.213819875402451,0.0,0.0,0.0,0.0,0.0,0.0
483,483,255,0,-1.2082697411879817,-0.5637465063626081,-0.2419575162956458,-0.4483473704324735,-0.4326667739347779,0.1037740961307769,-0.1468592457865423,-1.465472873793367,0.2663146665471244,1.03633432939524,-3.8539732612839286,0.4565017600722513,0.0362050362160249,-0.1028233879668304,-0.2880585579998276,0.0,0.0,0.0,0.0,0.0,0.0
484,484,255,0,-0.9176149888419992,-0.4800176851732161,0.3761702821681389,-0.1900736720172506,-0.4326667739347779,-1.1822922089470431,-0.1468592457865423,-1.465472873793367,-1.434560854302216,0.9465531030922438,-3.905347454992399,0.4565017600722513,-0.1893333491711743,-0.1028233879668304,1.2152261286172472,0.0,0.0,0.0,0.0,0.0,0.0
485,485,255,0,-0.924645652016855,-0.4930649010818366,-0.2259021705056659,-0.4483473704324735,-0.6623946162169881,-1.1822922089470431,-0.1468592457865423,-1.465472873793367,-1.434560854302216,0.9465531030922438,-3.905347454992399,0.4565017600722513,-0.1893333491711743,-0.1028233879668304,-0.3738400041023921,0.0,0.0,0.0,0.0,0.0,0.0
486,486,255,0,-0.9167542517489188,-0.4859027895646464,1.1307678021204577,0.0682000263979722,-0.2029389316525677,-1.1822922089470431,1.1618614500915652,-1.465472873793367,-1.434560854302216,0.9465531030922438,-3.905347454992399,0.4565017600722513,-0.1893333491711743,-0.1028233879668304,1.2152261286172472,0.0,0.0,0.0,0.0,0.0,0.0
487,487,255,0,-0.915646740621803,-0.4721300040708995,0.3280044361918782,-0.1900736720172506,-0.4326667739347779,-1.1822922089470431,-0.1468592457865423,-1.465472873793367,-1.434560854302216,1.3954592346072248,-3.905347454992399,0.4565017600722513,-0.1893333491711743,-0.1028233879668304,0.635849804121237,0.0,0.0,0.0,0.0,0.0,0.0
488,488,255,0,-0.9188007313645208,-0.4820583823684403,0.8698697010164059,0.0682000263979722,-0.2029389316525677,-1.1822922089470431,1.1618614500915652,-1.465472873793367,-1.5464008381249523,1.03633432939524,-3.905347454992399,0.4565017600722513,0.6104987715531683,-0.1028233879668304,-0.2093083779712438,0.0,0.0,0.0,0.0,0.0,0.0
489,489,255,0,-0.9093270627757806,-0.4638045484904154,-0.0091561028545905,0.0682000263979722,0.0267889106296424,0.1037740961307769,1.1618614500915652,-1.4148650562114082,-1.434560854302216,1.2607873951527306,-3.905347454992399,0.4565017600722513,0.0106246810099113,-0.1028233879668304,0.2913177664961826,0.0,0.0,0.0,0.0,0.0,0.0
490,490,255,0,-0.927961282628022,-0.4947934758991814,-0.0693633864007067,-0.1900736720172506,-0.4326667739347779,-1.1822922089470431,-0.1468592457865423,-1.465472873793367,-1.5464008381249523,1.03633432939524,-3.905347454992399,0.4565017600722513,0.6104987715531683,-0.1028233879668304,-0.3766525105319843,0.0,0.0,0.0,0.0,0.0,0.0
491,491,255,0,-0.927961282628022,-0.4947934758991814,-0.2700542039586417,-0.4483473704324735,-0.6623946162169881,-1.1822922089470431,-0.1468592457865423,-1.465472873793367,-1.5464008381249523,1.03633432939524,-3.905347454992399,0.4565017600722513,0.6104987715531683,-0.1028233879668304,-0.0363392325513183,0.0,0.0,0.0,0.0,0.0,0.0
492,492,255,0,-0.9190005282125908,-0.48393705295542,-0.278081829005212,-0.4483473704324735,-0.6623946162169881,-1.1822922089470431,-0.1468592457865423,-1.465472873793367,-1.5464008381249523,1.03633432939524,-3.905347454992399,0.4565017600722513,0.6104987715531683,-0.1028233879668304,-0.289464811214624,0.0,0.0,0.0,0.0,0.0,0.0
493,493,255,0,-0.9121146314679583,-0.4664323011444652,-0.0091561028545905,-0.4483473704324735,-0.6623946162169881,-1.1822922089470431,-0.1468592457865423,-1.4148650562114082,-1.434560854302216,1.2607873951527306,-3.905347454992399,0.4565017600722513,0.0106246810099113,-0.1028233879668304,-0.2880585579998276,0.0,0.0,0.0,0.0,0.0,0.0
494,494,255,0,-0.9257435759631624,-0.4936003920381805,2.832625843142781,1.3595685184740869,0.9457002797584834,-1.1822922089470431,1.1618614500915652,-1.465472873793367,-1.5464008381249523,1.03633432939524,-3.905347454992399,0.4565017600722513,0.6104987715531683,-0.1028233879668304,1.2152261286172472,0.0,0.0,0.0,0.0,0.0,0.0
495,495,255,0,-0.4815391935665147,-0.4365365295484389,-0.1616811701331038,-0.1900736720172506,-0.4326667739347779,0.1037740961307769,-0.1468592457865423,-1.4148650562114082,-1.6023208300363208,-0.5348371309071933,-3.2546076680184663,0.4565017600722513,1.8102469526396825,-0.1028233879668304,0.1380361660834034,0.0,0.0,0.0,0.0,0.0,0.0
496,496,255,0,-0.9182162968223722,-0.4844299420880451,0.3400458737617342,-0.1900736720172506,-0.4326667739347779,-1.1822922089470431,-0.1468592457865423,-1.465472873793367,-1.378640862390848,1.2158967820012323,-3.905347454992399,0.4565017600722513,-0.38929137935226,-0.1028233879668304,1.1491322275218283,0.0,0.0,0.0,0.0,0.0,0.0
497,497,255,0,-0.9258818231104368,-0.4936647603674622,-0.1737226077029594,-0.4483473704324735,-0.6623946162169881,-1.1822922089470431,-0.1468592457865423,-1.465472873793367,-1.378640862390848,1.2158967820012323,-3.905347454992399,0.4565017600722513,-0.38929137935226,-0.1028233879668304,1.2152261286172472,0.0,0.0,0.0,0.0,0.0,0.0
498,498,255,0,-0.8607160294555495,-0.4854889349629115,-0.4587035839467214,-0.1900736720172506,-0.4326667739347779,0.1037740961307769,-1.4555799416646498,-1.465472873793367,-1.378640862390848,1.2158967820012323,-3.905347454992399,0.4565017600722513,-0.38929137935226,-0.1028233879668304,0.8960066488585233,0.0,0.0,0.0,0.0,0.0,0.0
499,499,255,0,-1.4191969226911068,-0.1427013918944006,-0.1054876991102731,0.843021121643641,0.4862445951940629,0.1037740961307769,-0.1468592457865423,-1.1112181507196548,-1.099040902834007,0.7669906504862515,0.2388375041573987,0.4565017600722513,1.2103728620964254,-0.0790826667590213,0.3799117190283392,0.0,0.0,0.0,0.0,0.0,0.0
500,500,255,0,-0.3434352787744613,-0.4002357599936499,0.3962393447845645,-0.1900736720172506,-0.4326667739347779,-1.1822922089470431,-0.1468592457865423,-1.617296326539244,-1.9937607734158984,1.4403498477587229,-3.391605517907713,-2.8854938148342097,3.2099531639072825,-0.1028233879668304,-0.1150894125799022,0.0,0.0,0.0,0.0,0.0,0.0
501,501,255,0,-0.3284779345062892,-0.3832495631681348,1.8091025970398416,0.3264737248131952,0.0267889106296424,-1.1822922089470431,1.1618614500915652,-1.617296326539244,-1.9937607734158984,1.4403498477587229,-3.357356055435401,-2.5141609731779364,2.8100371035451106,-0.1028233879668304,0.7244437566533938,0.0,0.0,0.0,0.0,0.0,0.0
502,502,255,0,-0.3396331946090196,-0.3952533253916888,-0.0613357613541362,-0.1900736720172506,-0.4326667739347779,-1.1822922089470431,-0.1468592457865423,-1.617296326539244,-1.9937607734158984,1.4403498477587229,-3.357356055435401,-2.5141609731779364,2.8100371035451106,-0.1028233879668304,-0.2908710644294198,0.0,0.0,0.0,0.0,0.0,0.0
503,503,255,0,-0.3276572718289936,-0.3784341021075003,-0.1697087951796742,-0.4483473704324735,-0.6623946162169881,-1.1822922089470431,-0.1468592457865423,-1.566688508957285,-1.881920789593162,1.2607873951527306,-3.3402313241992485,-2.5141609731779364,2.8100371035451106,-0.1028233879668304,-0.2950898240738083,0.0,0.0,0.0,0.0,0.0,0.0
504,504,255,0,-0.3468701739148974,-0.4074875564976599,0.3801840946914241,-0.1900736720172506,-0.4326667739347779,-1.1822922089470431,-0.1468592457865423,-1.566688508957285,-1.881920789593162,1.2607873951527306,-3.3402313241992485,-2.5141609731779364,2.8100371035451106,-0.1028233879668304,0.0494422135512461,0.0,0.0,0.0,0.0,0.0,0.0
505,505,255,0,-0.3770920357243784,-0.4283296257642894,1.150836769040044,0.0682000263979722,-0.2029389316525677,-1.1822922089470431,1.1618614500915652,-1.566688508957285,-1.881920789593162,1.2607873951527306,-3.3402313241992485,-2.5141609731779364,2.8100371035451106,-0.1028233879668304,-0.1221206786538829,0.0,0.0,0.0,0.0,0.0,0.0
506,506,255,0,-0.4815261550006139,-0.4347964312869735,0.0068991472385499,-0.1900736720172506,-0.4326667739347779,-1.1822922089470431,-0.1468592457865423,-1.4148650562114082,-1.6023208300363208,-0.5348371309071933,-3.2546076680184663,0.4565017600722513,1.8102469526396825,-0.1028233879668304,-0.3682149912432078,0.0,0.0,0.0,0.0,0.0,0.0
507,507,255,0,-0.3465315546887043,-0.4048207521718673,-0.6152424159001003,-0.1900736720172506,-0.4326667739347779,0.1037740961307769,-0.1468592457865423,-1.566688508957285,-1.881920789593162,1.2607873951527306,-3.3402313241992485,-2.5141609731779364,2.8100371035451106,-0.1028233879668304,1.2152261286172472,0.0,0.0,0.0,0.0,0.0,0.0
508,508,255,0,1.664875469100613,-1.1280802359471604,0.0149267722851202,-0.7066210688476964,-0.4326667739347779,-1.1822922089470431,-0.1468592457865423,-1.7691197792851208,-1.658240821947689,0.6323188110317571,-3.905347454992399,0.4565017600722513,-0.7892074397144313,-0.1028233879668304,0.2702239682742405,0.0,0.0,0.0,0.0,0.0,0.0
509,509,255,0,0.0541431919603745,-0.8352219138796112,0.5567919414128096,-0.4483473704324735,-0.2029389316525677,-1.1822922089470431,1.1618614500915652,-0.1500347881596004,0.2663146665471244,-0.2476775240703009,-3.905347454992399,0.4565017600722513,-1.7889975906198596,-0.1028233879668304,0.9466317645911844,0.0,0.0,0.0,0.0,0.0,0.0
510,510,255,0,0.0475638932580304,-0.8361233032864003,0.8738834178428524,-0.4483473704324735,-0.2029389316525677,-1.1822922089470431,1.1618614500915652,-0.1500347881596004,0.2663146665471244,-0.2476775240703009,-3.905347454992399,0.4565017600722513,-1.7889975906198596,-0.1028233879668304,-0.3218086351549352,0.0,0.0,0.0,0.0,0.0,0.0
511,511,255,0,2.012577590391976,-1.4491008078603085,0.1112583685408021,-0.1900736720172506,-0.4326667739347779,0.1037740961307769,-0.1468592457865423,-1.2124337858835723,-0.7635209513657973,1.4403498477587229,-2.9634872370038083,0.4565017600722513,-1.1891235000766027,-0.1028233879668304,0.8580378120590273,0.0,0.0,0.0,0.0,0.0,0.0
512,512,255,0,1.608433626495161,-1.519063536465418,0.7374137920511578,-0.7066210688476964,-0.4326667739347779,-1.1822922089470431,-0.1468592457865423,-1.060610333137696,-0.931280927099902,0.8567718767892477,-2.1757496001406227,0.4565017600722513,0.0106246810099113,-0.1028233879668304,0.1872550286012682,0.0,0.0,0.0,0.0,0.0,0.0
513,513,255,0,0.4142563022969011,-1.6084120154369714,-0.0211975404244459,-0.7066210688476964,-0.4326667739347779,-1.1822922089470431,-0.1468592457865423,-0.1500347881596004,0.2663146665471244,-0.2476775240703009,-3.905347454992399,-0.657496764896569,-1.7889975906198596,-0.1028233879668304,0.4670994183457002,0.0,0.0,0.0,0.0,0.0,0.0
514,514,255,0,0.1099764403280372,-1.740603961259399,0.4684879702036971,-0.7066210688476964,0.4862445951940629,1.3898404012085974,-0.1468592457865423,-0.8581790628098602,-0.3720810079862198,0.8118812636377496,0.5642073976443622,0.4565017600722513,-1.1891235000766027,-0.1028233879668304,0.6006934737513336,0.0,0.0,0.0,0.0,0.0,0.0
515,515,255,0,0.110811867263779,-1.7404582886299325,0.2718109651690472,-0.7066210688476964,0.2565167529118527,1.3898404012085974,-1.4555799416646498,-0.8581790628098602,-0.3720810079862198,0.8118812636377496,0.5642073976443622,0.4565017600722513,-1.1891235000766027,-0.1028233879668304,1.2152261286172472,0.0,0.0,0.0,0.0,0.0,0.0
516,516,255,0,0.1151617629406766,-1.7390214664660122,0.2276590274129107,-0.7066210688476964,0.4862445951940629,1.3898404012085974,-0.1468592457865423,-1.010002515555737,-0.8194409432771655,0.8118812636377496,0.6155815913528327,0.4565017600722513,-0.38929137935226,-0.1028233879668304,1.2152261286172472,0.0,0.0,0.0,0.0,0.0,0.0
517,517,255,0,0.0982281172204296,-1.7116921637530291,0.0269682098549756,0.3264737248131952,0.0267889106296424,0.1037740961307769,-1.4555799416646498,-1.3136494210474905,-0.8753609351885339,1.2607873951527306,-0.1379065830380413,0.0851689184159778,-1.7889975906198596,-0.1028233879668304,-0.0616517904176489,0.0,0.0,0.0,0.0,0.0,0.0
518,518,255,0,0.10647865328149,-1.7403779155171497,0.1313274311572283,-0.7066210688476964,-0.4326667739347779,0.1037740961307769,-0.1468592457865423,-0.8075712452279012,-0.3161610160748515,0.8118812636377496,0.5642073976443622,0.4565017600722513,-1.7889975906198596,-0.1028233879668304,1.2152261286172472,0.0,0.0,0.0,0.0,0.0,0.0
519,519,255,0,0.1125343001680183,-1.7406328280689152,0.3119491860987372,-0.7066210688476964,-0.2029389316525677,0.1037740961307769,1.1618614500915652,-0.8075712452279012,-0.3161610160748515,0.8118812636377496,0.5642073976443622,0.4565017600722513,-1.7889975906198596,-0.1028233879668304,0.2716302214890363,0.0,0.0,0.0,0.0,0.0,0.0
520,520,255,0,0.0689277752303618,-1.732464102968317,-0.346316689749479,-0.4483473704324735,-0.4326667739347779,0.1037740961307769,-1.4555799416646498,-1.010002515555737,-0.5398409837203244,1.3056780083042288,0.5813321288805211,0.4565017600722513,-1.7889975906198596,-0.1028233879668304,1.2152261286172472,0.0,0.0,0.0,0.0,0.0,0.0
521,521,255,0,0.0987803388350577,-1.7426060723765833,0.2116037773197696,-0.4483473704324735,-0.2029389316525677,0.1037740961307769,-1.4555799416646498,-0.8075712452279012,-0.3161610160748515,0.8118812636377496,0.5642073976443622,0.4565017600722513,-1.7889975906198596,-0.1028233879668304,1.2152261286172472,0.0,0.0,0.0,0.0,0.0,0.0
522,522,255,0,0.1155375804284108,-1.732266516641093,0.6049576916922309,-0.7066210688476964,0.2565167529118527,0.1037740961307769,-0.1468592457865423,-1.010002515555737,-0.8194409432771655,0.8118812636377496,0.6155815913528327,0.4565017600722513,-0.38929137935226,-0.1028233879668304,1.2152261286172472,0.0,0.0,0.0,0.0,0.0,0.0
523,523,255,1,0.988889677760346,1.246791950049208,-0.542993694784129,-0.7066210688476964,-0.4326667739347779,1.3898404012085974,-1.4555799416646498,-1.566688508957285,-1.434560854302216,0.09363145321378,1.214947184618295,0.4565017600722513,-0.7892074397144313,-0.1028233879668304,-0.4132150941166841,0.0,0.0,0.0,0.0,0.0,0.0
524,524,255,1,0.9872650341003636,1.2476027232817752,-0.2259021705056659,-0.7066210688476964,-0.4326667739347779,0.1037740961307769,-1.4555799416646498,-1.566688508957285,-1.434560854302216,0.09363145321378,1.214947184618295,0.4565017600722513,-0.7892074397144313,-0.1028233879668304,1.2152261286172472,0.0,0.0,0.0,0.0,0.0,0.0
525,525,255,1,0.985283555570651,1.245147298496623,0.0791478683545215,-0.7066210688476964,0.2565167529118527,1.3898404012085974,-0.1468592457865423,-1.566688508957285,-1.434560854302216,0.09363145321378,1.214947184618295,0.4565017600722513,-0.7892074397144313,-0.1028233879668304,1.2152261286172472,0.0,0.0,0.0,0.0,0.0,0.0
526,526,255,1,0.9891786353899444,1.2467502212136796,0.0068991472385499,-0.7066210688476964,-0.2029389316525677,0.1037740961307769,-1.4555799416646498,-1.566688508957285,-1.434560854302216,0.09363145321378,1.214947184618295,0.4565017600722513,-0.7892074397144313,-0.1028233879668304,1.2152261286172472,0.0,0.0,0.0,0.0,0.0,0.0
527,527,255,1,0.9927910851189744,1.2453612970018373,0.0109129597618349,-0.7066210688476964,-0.2029389316525677,0.1037740961307769,-1.4555799416646498,-1.465472873793367,-1.378640862390848,-0.2206028388467066,1.2320719158544542,0.4565017600722513,-0.5892494095333457,-0.1028233879668304,1.2152261286172472,0.0,0.0,0.0,0.0,0.0,0.0
528,528,255,1,0.9985278623717778,1.2440998290658771,0.1433688687270837,-0.7066210688476964,-0.4326667739347779,0.1037740961307769,-1.4555799416646498,-1.465472873793367,-1.378640862390848,-0.2206028388467066,1.2320719158544542,0.4565017600722513,-0.5892494095333457,-0.1028233879668304,1.2152261286172472,0.0,0.0,0.0,0.0,0.0,0.0
529,529,255,1,0.9889679091557518,1.2467794954176834,-0.0292252611678553,-0.7066210688476964,0.0267889106296424,1.3898404012085974,-1.4555799416646498,-1.566688508957285,-1.434560854302216,0.09363145321378,1.214947184618295,0.4565017600722513,-0.7892074397144313,-0.1028233879668304,1.2152261286172472,0.0,0.0,0.0,0.0,0.0,0.0
530,530,255,1,0.9904249688951832,0.5497947446206749,0.2035761522732,-0.7066210688476964,-0.2029389316525677,0.1037740961307769,-1.4555799416646498,-1.566688508957285,-1.658240821947689,0.6772094241832552,-0.257779701691135,0.4565017600722513,0.210582711190997,-0.1028233879668304,0.9325692324432232,0.0,0.0,0.0,0.0,0.0,0.0
531,531,255,1,1.0525092508942724,1.0894655102243354,0.0229543973316905,-0.4483473704324735,-0.2029389316525677,0.1037740961307769,-1.4555799416646498,-1.8197275968670796,-1.434560854302216,1.0812249425467382,0.7354547100059264,0.4565017600722513,-1.7889975906198596,-0.1028233879668304,0.3672554400951743,0.0,0.0,0.0,0.0,0.0,0.0
532,532,255,1,0.6608012027127238,1.0762260623160618,0.1955485272266294,-0.7066210688476964,0.2565167529118527,1.3898404012085974,-0.1468592457865423,-1.3642572386294494,-1.1549608947453749,-0.1308216125437105,1.0779493347290487,0.4565017600722513,-0.7892074397144313,-0.1028233879668304,-0.4300901326942376,0.0,0.0,0.0,0.0,0.0,0.0
533,533,255,1,0.6856366028561826,1.0866344095210008,-0.0171837279011608,-0.7066210688476964,-0.6623946162169881,0.1037740961307769,-1.4555799416646498,-1.3136494210474905,-1.210880886656743,-0.2206028388467066,1.2320719158544542,0.4565017600722513,-0.38929137935226,-0.1028233879668304,-0.431496385909034,0.0,0.0,0.0,0.0,0.0,0.0
534,534,255,1,0.6617323097129456,1.0832252160376028,0.295893936005597,-0.4483473704324735,0.0267889106296424,0.1037740961307769,-1.4555799416646498,-1.566688508957285,-1.4904808462135843,0.3629751321227686,1.2320719158544542,0.4565017600722513,-0.5892494095333457,-0.1028233879668304,0.8467877863406581,0.0,0.0,0.0,0.0,0.0,0.0
535,535,255,1,0.6705339169269372,1.086579818659459,-0.0051422903313056,-0.4483473704324735,-0.4326667739347779,0.1037740961307769,-1.4555799416646498,-1.566688508957285,-1.4904808462135843,0.3629751321227686,1.2320719158544542,0.4565017600722513,-0.5892494095333457,-0.1028233879668304,1.2152261286172472,0.0,0.0,0.0,0.0,0.0,0.0
536,536,255,1,0.672865711043431,1.0792809389923497,0.2677971526457621,-0.7066210688476964,0.7159724374762731,1.3898404012085974,-0.1468592457865423,-1.3642572386294494,-1.1549608947453749,-0.1308216125437105,1.0779493347290487,0.4565017600722513,-0.7892074397144313,-0.1028233879668304,-0.4272776262646454,0.0,0.0,0.0,0.0,0.0,0.0
537,537,255,1,0.6824022715382808,1.074290123703754,0.1112583685408021,-0.7066210688476964,0.2565167529118527,1.3898404012085974,-0.1468592457865423,-1.3642572386294494,-1.1549608947453749,-0.1308216125437105,1.0779493347290487,0.4565017600722513,-0.7892074397144313,-0.1028233879668304,-0.1277456915130672,0.0,0.0,0.0,0.0,0.0,0.0
538,538,255,1,0.6501017171856788,1.0804203049799983,0.2758248733891714,-0.7066210688476964,0.2565167529118527,1.3898404012085974,-0.1468592457865423,-1.3642572386294494,-1.1549608947453749,-0.1308216125437105,1.0779493347290487,0.4565017600722513,-0.7892074397144313,-0.1028233879668304,1.2152261286172472,0.0,0.0,0.0,0.0,0.0,0.0
539,539,255,1,0.6834796789176558,1.0902186080370837,-0.6634082140279417,-0.1900736720172506,-0.4326667739347779,1.3898404012085974,-1.4555799416646498,-1.3136494210474905,-1.210880886656743,-0.2206028388467066,1.2320719158544542,0.4565017600722513,-0.38929137935226,-0.1028233879668304,-0.3358711673028966,0.0,0.0,0.0,0.0,0.0,0.0
540,540,255,1,0.6501697861694262,1.0811489591233991,-0.6032009304818254,-0.7066210688476964,-0.6623946162169881,0.1037740961307769,-1.4555799416646498,-1.3642572386294494,-1.1549608947453749,-0.1308216125437105,1.0779493347290487,0.4565017600722513,-0.7892074397144313,-0.1028233879668304,-0.4300901326942376,0.0,0.0,0.0,0.0,0.0,0.0
541,541,255,1,0.6630737480518145,1.0794998262314337,0.0952031184476619,-0.7066210688476964,-0.2029389316525677,0.1037740961307769,-1.4555799416646498,-1.3642572386294494,-1.1549608947453749,-0.1308216125437105,1.0779493347290487,0.4565017600722513,-0.7892074397144313,-0.1028233879668304,0.2463176636227058,0.0,0.0,0.0,0.0,0.0,0.0
542,542,255,1,0.6996958200261189,1.0867583156449072,-0.2339298912490757,-0.7066210688476964,-0.2029389316525677,1.3898404012085974,-1.4555799416646498,-1.3136494210474905,-1.210880886656743,-0.2206028388467066,1.2320719158544542,0.4565017600722513,-0.38929137935226,-0.1028233879668304,1.2152261286172472,0.0,0.0,0.0,0.0,0.0,0.0
543,543,255,1,0.6533082456792322,1.079641075720733,0.0430234599481162,-0.7066210688476964,-0.2029389316525677,0.1037740961307769,-1.4555799416646498,-1.3642572386294494,-1.1549608947453749,-0.1308216125437105,1.0779493347290487,0.4565017600722513,-0.7892074397144313,-0.1028233879668304,-0.4272776262646454,0.0,0.0,0.0,0.0,0.0,0.0
544,544,255,1,0.6580159349439413,1.07941858013046,0.2878663109590268,-0.4483473704324735,0.0267889106296424,0.1037740961307769,-1.4555799416646498,-1.3642572386294494,-1.1549608947453749,-0.1308216125437105,1.0779493347290487,0.4565017600722513,-0.7892074397144313,-0.1028233879668304,0.076161024632373,0.0,0.0,0.0,0.0,0.0,0.0
545,545,255,1,0.665835814843038,1.079900353213454,-0.5389798822608437,-0.7066210688476964,-0.2029389316525677,1.3898404012085974,-1.4555799416646498,-1.3642572386294494,-1.1549608947453749,-0.1308216125437105,1.0779493347290487,0.4565017600722513,-0.7892074397144313,-0.1028233879668304,-0.4272776262646454,0.0,0.0,0.0,0.0,0.0,0.0
546,546,255,1,0.6856272074189884,1.0784270983423625,-0.3784272377841796,-0.7066210688476964,-0.4326667739347779,1.3898404012085974,-1.4555799416646498,-1.3642572386294494,-1.1549608947453749,-0.1308216125437105,1.0779493347290487,0.4565017600722513,-0.7892074397144313,-0.1028233879668304,1.2152261286172472,0.0,0.0,0.0,0.0,0.0,0.0
547,547,255,1,0.698931338228367,1.083145308518522,-0.6112286033768153,-0.7066210688476964,-0.4326667739347779,1.3898404012085974,-1.4555799416646498,-1.3136494210474905,-1.210880886656743,-0.2206028388467066,1.2320719158544542,0.4565017600722513,-0.38929137935226,-0.1028233879668304,-0.4272776262646454,0.0,0.0,0.0,0.0,0.0,0.0
548,548,255,1,0.5221120864040563,1.0095570599562924,-0.1576673576098188,-0.7066210688476964,-0.2029389316525677,0.1037740961307769,-1.4555799416646498,-1.5160806913753262,-1.099040902834007,0.3629751321227686,1.2320719158544542,0.4565017600722513,-1.7889975906198596,-0.1028233879668304,1.2152261286172472,0.0,0.0,0.0,0.0,0.0,0.0
549,549,255,1,0.651776597673103,1.079676984634989,-0.3262476271330532,-0.7066210688476964,-0.4326667739347779,0.1037740961307769,-1.4555799416646498,-1.3642572386294494,-1.1549608947453749,-0.1308216125437105,1.0779493347290487,0.4565017600722513,-0.7892074397144313,-0.1028233879668304,-0.4300901326942376,0.0,0.0,0.0,0.0,0.0,0.0
550,550,255,1,0.6629744248586279,1.0790269576279878,-0.7155878007548582,-0.7066210688476964,-0.6623946162169881,0.1037740961307769,-1.4555799416646498,-1.3642572386294494,-1.1549608947453749,-0.1308216125437105,1.0779493347290487,0.4565017600722513,-0.7892074397144313,-0.1028233879668304,0.2547551829114828,0.0,0.0,0.0,0.0,0.0,0.0
551,551,255,1,0.6636508963365472,1.081854042585643,-0.3061785645166274,-0.4483473704324735,-0.4326667739347779,1.3898404012085974,-1.4555799416646498,-1.3642572386294494,-1.1549608947453749,-0.1308216125437105,1.0779493347290487,0.4565017600722513,-0.7892074397144313,-0.1028233879668304,-0.2599334937039049,0.0,0.0,0.0,0.0,0.0,0.0
552,552,255,1,0.6916776772278804,1.081466901422551,0.1995623397499147,-0.7066210688476964,0.7159724374762731,1.3898404012085974,-0.1468592457865423,-1.3642572386294494,-1.1549608947453749,-0.1308216125437105,1.0779493347290487,0.4565017600722513,-0.7892074397144313,-0.1028233879668304,-0.0925893611431638,0.0,0.0,0.0,0.0,0.0,0.0
553,553,255,1,0.6955733322780225,1.080040205921647,0.2999077485288823,-0.7066210688476964,0.9457002797584834,1.3898404012085974,-0.1468592457865423,-1.3642572386294494,-1.1549608947453749,-0.1308216125437105,1.0779493347290487,0.4565017600722513,-0.7892074397144313,-0.1028233879668304,-0.2500897212003315,0.0,0.0,0.0,0.0,0.0,0.0
554,554,255,1,0.6997857477821113,1.0833180437819103,-0.4225792233887356,-0.7066210688476964,-0.4326667739347779,1.3898404012085974,-1.4555799416646498,-1.3136494210474905,-1.210880886656743,-0.2206028388467066,1.2320719158544542,0.4565017600722513,-0.38929137935226,-0.1028233879668304,-0.4300901326942376,0.0,0.0,0.0,0.0,0.0,0.0
555,555,255,1,0.6564549501645341,1.075595997639027,0.5367229744932234,-0.7066210688476964,0.7159724374762731,1.3898404012085974,-0.1468592457865423,-1.3642572386294494,-1.1549608947453749,-0.1308216125437105,1.0779493347290487,0.4565017600722513,-0.7892074397144313,-0.1028233879668304,0.0747547714175767,0.0,0.0,0.0,0.0,0.0,0.0
556,556,255,1,0.656983203827139,1.0807884150005274,0.4122945948777052,-0.7066210688476964,0.4862445951940629,1.3898404012085974,-0.1468592457865423,-1.3642572386294494,-1.1549608947453749,-0.1308216125437105,1.0779493347290487,0.4565017600722513,-0.7892074397144313,-0.1028233879668304,1.1772572918177515,0.0,0.0,0.0,0.0,0.0,0.0
557,557,255,1,0.6587092798600863,1.0818651586352768,-0.6152424159001003,-0.7066210688476964,-0.6623946162169881,0.1037740961307769,-1.4555799416646498,-1.3642572386294494,-1.1549608947453749,-0.1308216125437105,1.0779493347290487,0.4565017600722513,-0.7892074397144313,-0.1028233879668304,-0.4258713730498497,0.0,0.0,0.0,0.0,0.0,0.0
558,558,255,1,0.6596865970718092,1.0752554158461225,0.9702151097953736,-0.7066210688476964,0.7159724374762731,0.1037740961307769,-0.1468592457865423,-1.3642572386294494,-1.1549608947453749,-0.1308216125437105,1.0779493347290487,0.4565017600722513,-0.7892074397144313,-0.1028233879668304,1.1772572918177515,0.0,0.0,0.0,0.0,0.0,0.0
559,559,255,1,0.6823253823481891,1.0875078051064646,-0.4667312089932917,-0.7066210688476964,-0.4326667739347779,1.3898404012085974,-1.4555799416646498,-1.3136494210474905,-1.210880886656743,-0.2206028388467066,1.2320719158544542,0.4565017600722513,-0.38929137935226,-0.1028233879668304,-0.4258713730498497,0.0,0.0,0.0,0.0,0.0,0.0
560,560,255,1,0.7000534218703132,1.0809429339103287,0.881911042889423,-0.7066210688476964,0.9457002797584834,1.3898404012085974,-0.1468592457865423,-1.3642572386294494,-1.1549608947453749,-0.1308216125437105,1.0779493347290487,0.4565017600722513,-0.7892074397144313,-0.1028233879668304,1.2152261286172472,0.0,0.0,0.0,0.0,0.0,0.0
561,561,255,1,0.7070986575600009,1.0830098789504956,-0.6834772766443673,-0.7066210688476964,-0.6623946162169881,1.3898404012085974,-1.4555799416646498,-1.3136494210474905,-1.210880886656743,-0.2206028388467066,1.2320719158544542,0.4565017600722513,-0.38929137935226,-0.1028233879668304,1.2152261286172472,0.0,0.0,0.0,0.0,0.0,0.0
562,562,255,1,0.6589177051708851,1.0793662008390017,0.8257176675634307,-0.1900736720172506,0.7159724374762731,0.1037740961307769,-0.1468592457865423,-1.3642572386294494,-1.1549608947453749,-0.1308216125437105,1.0779493347290487,0.4565017600722513,-0.7892074397144313,-0.1028233879668304,1.2152261286172472,0.0,0.0,0.0,0.0,0.0,0.0
563,563,255,1,0.6600902173838902,1.076818821297734,0.5126400036566727,-0.7066210688476964,0.9457002797584834,1.3898404012085974,-0.1468592457865423,-1.3642572386294494,-1.1549608947453749,-0.1308216125437105,1.0779493347290487,0.4565017600722513,-0.7892074397144313,-0.1028233879668304,0.5922559544625566,0.0,0.0,0.0,0.0,0.0,0.0
564,564,255,1,0.6741749364547794,1.081830064509998,0.0791478683545215,-0.7066210688476964,0.4862445951940629,1.3898404012085974,-0.1468592457865423,-1.3136494210474905,-1.2668008785681113,-0.3103840651497029,1.0950740659652076,0.4565017600722513,0.0106246810099113,-0.1028233879668304,-0.4202463601906647,0.0,0.0,0.0,0.0,0.0,0.0
565,565,255,1,0.6892799233074174,1.0802009521472122,-0.4306068484353059,-0.7066210688476964,-0.2029389316525677,1.3898404012085974,-1.4555799416646498,-1.3642572386294494,-1.1549608947453749,-0.1308216125437105,1.0779493347290487,0.4565017600722513,-0.7892074397144313,-0.1028233879668304,1.2152261286172472,0.0,0.0,0.0,0.0,0.0,0.0
566,566,255,1,0.6525286161358014,1.0782987690782886,-0.6312976659932409,-0.7066210688476964,-0.6623946162169881,1.3898404012085974,-1.4555799416646498,-1.3642572386294494,-1.1549608947453749,-0.1308216125437105,1.0779493347290487,0.4565017600722513,-0.7892074397144313,-0.1028233879668304,0.3278803500808823,0.0,0.0,0.0,0.0,0.0,0.0
567,567,255,1,0.6546168958597323,1.0772499610656512,-0.635311478516526,-0.7066210688476964,-0.6623946162169881,1.3898404012085974,-1.4555799416646498,-1.3136494210474905,-1.2668008785681113,-0.3103840651497029,1.0950740659652076,0.4565017600722513,0.0106246810099113,-0.1028233879668304,-0.431496385909034,0.0,0.0,0.0,0.0,0.0,0.0
568,568,255,1,0.6671275915853135,1.0791952697512082,-0.2941370790983525,-0.7066210688476964,-0.4326667739347779,0.1037740961307769,-1.4555799416646498,-1.3136494210474905,-1.2668008785681113,-0.3103840651497029,1.0950740659652076,0.4565017600722513,0.0106246810099113,-0.1028233879668304,0.0817860374915574,0.0,0.0,0.0,0.0,0.0,0.0
569,569,255,1,0.6667866714357266,1.0804385213335828,0.6932617585981821,-0.7066210688476964,0.4862445951940629,1.3898404012085974,-0.1468592457865423,-1.3642572386294494,-1.1549608947453749,-0.1308216125437105,1.0779493347290487,0.4565017600722513,-0.7892074397144313,-0.1028233879668304,1.2152261286172472,0.0,0.0,0.0,0.0,0.0,0.0
570,570,255,1,0.6716989511389106,1.077900919260055,-0.1295706699468229,-0.7066210688476964,0.0267889106296424,1.3898404012085974,-1.4555799416646498,-1.3642572386294494,-1.1549608947453749,-0.1308216125437105,1.0779493347290487,0.4565017600722513,-0.7892074397144313,-0.1028233879668304,1.2152261286172472,0.0,0.0,0.0,0.0,0.0,0.0
571,571,255,1,0.6770787017783683,1.0779262359175932,0.4283498449708458,-0.7066210688476964,-0.4326667739347779,0.1037740961307769,-1.4555799416646498,-1.3136494210474905,-1.2668008785681113,-0.3103840651497029,1.0950740659652076,0.4565017600722513,0.0106246810099113,-0.1028233879668304,-0.4258713730498497,0.0,0.0,0.0,0.0,0.0,0.0
572,572,255,1,0.6831387587680687,1.078847122060647,0.0229543973316905,-0.7066210688476964,-0.2029389316525677,0.1037740961307769,-1.4555799416646498,-1.3136494210474905,-1.2668008785681113,-0.3103840651497029,1.0950740659652076,0.4565017600722513,0.0106246810099113,-0.1028233879668304,1.2152261286172472,0.0,0.0,0.0,0.0,0.0,0.0
573,573,255,1,0.7017781556979464,1.0812182161865491,-0.2981508916216376,-0.7066210688476964,-0.2029389316525677,1.3898404012085974,-1.4555799416646498,-1.3136494210474905,-1.2668008785681113,-0.3103840651497029,1.0950740659652076,0.4565017600722513,0.0106246810099113,-0.1028233879668304,-0.0025891553962107,0.0,0.0,0.0,0.0,0.0,0.0
574,574,255,1,0.6637532874275932,1.0784554995581757,0.5327090662730984,-0.7066210688476964,0.2565167529118527,0.1037740961307769,-0.1468592457865423,-1.3642572386294494,-1.1549608947453749,-0.1308216125437105,1.0779493347290487,0.4565017600722513,-0.7892074397144313,-0.1028233879668304,1.2152261286172472,0.0,0.0,0.0,0.0,0.0,0.0
575,575,255,1,0.6640679387017617,1.0804611608273371,-0.2901232665750675,-0.7066210688476964,-0.2029389316525677,1.3898404012085974,-1.4555799416646498,-1.3136494210474905,-1.2668008785681113,-0.3103840651497029,1.0950740659652076,0.4565017600722513,0.0106246810099113,-0.1028233879668304,-0.4300901326942376,0.0,0.0,0.0,0.0,0.0,0.0
576,576,255,1,0.665565072856978,1.0845333015429606,0.0068991472385499,-0.7066210688476964,-0.2029389316525677,0.1037740961307769,-1.4555799416646498,-1.566688508957285,-1.4904808462135843,0.3629751321227686,1.2320719158544542,0.4565017600722513,-0.5892494095333457,-0.1028233879668304,1.014131918901399,0.0,0.0,0.0,0.0,0.0,0.0
577,577,255,1,0.6738537658976607,1.0888194989630118,-0.518910819644418,-0.7066210688476964,-0.6623946162169881,0.1037740961307769,-1.4555799416646498,-1.566688508957285,-1.4904808462135843,0.3629751321227686,1.2320719158544542,0.4565017600722513,-0.5892494095333457,-0.1028233879668304,1.2152261286172472,0.0,0.0,0.0,0.0,0.0,0.0
578,578,255,1,0.6773348712495991,1.091793129538327,-0.5751042428188294,-0.7066210688476964,-0.6623946162169881,0.1037740961307769,-1.4555799416646498,-1.3136494210474905,-1.210880886656743,-0.1308216125437105,1.2320719158544542,0.4565017600722513,-0.1893333491711743,-0.1028233879668304,-0.4202463601906647,0.0,0.0,0.0,0.0,0.0,0.0
579,579,255,1,0.6790960363643079,1.093680646405642,-0.1697087951796742,0.0682000263979722,0.0267889106296424,1.3898404012085974,-1.4555799416646498,-1.566688508957285,-1.4904808462135843,0.3629751321227686,1.2320719158544542,0.4565017600722513,-0.5892494095333457,-0.1028233879668304,1.2152261286172472,0.0,0.0,0.0,0.0,0.0,0.0
580,580,255,1,0.6854406408804361,1.0793706239791705,-0.4868002716097173,-0.7066210688476964,-0.4326667739347779,1.3898404012085974,-1.4555799416646498,-1.3136494210474905,-1.2668008785681113,-0.3103840651497029,1.0950740659652076,0.4565017600722513,0.0106246810099113,-0.1028233879668304,-0.4202463601906647,0.0,0.0,0.0,0.0,0.0,0.0
581,581,255,1,0.6516625102214689,1.0794310347619849,0.544750599539793,-0.7066210688476964,-0.2029389316525677,0.1037740961307769,-1.4555799416646498,-1.3642572386294494,-1.1549608947453749,-0.1308216125437105,1.0779493347290487,0.4565017600722513,-0.7892074397144313,-0.1028233879668304,1.2152261286172472,0.0,0.0,0.0,0.0,0.0,0.0
582,582,255,1,0.6674631429136472,1.0891253940251315,0.3039215610521676,-0.7066210688476964,0.2565167529118527,0.1037740961307769,-0.1468592457865423,-1.566688508957285,-1.4904808462135843,0.3629751321227686,1.2320719158544542,0.4565017600722513,-0.5892494095333457,-0.1028233879668304,1.2152261286172472,0.0,0.0,0.0,0.0,0.0,0.0
583,583,255,1,0.6867258983397613,1.092991567726897,-0.4827864590864322,-0.7066210688476964,-0.6623946162169881,0.1037740961307769,-1.4555799416646498,-1.2630416034655316,-1.1549608947453749,-0.4001652914526991,1.2320719158544542,0.4565017600722513,-0.38929137935226,-0.1028233879668304,-0.3414961801620809,0.0,0.0,0.0,0.0,0.0,0.0
584,584,255,1,0.6905043980404112,1.0791259544888443,-0.0332390736911404,-0.7066210688476964,-0.4326667739347779,0.1037740961307769,-1.4555799416646498,-1.3136494210474905,-1.2668008785681113,-0.3103840651497029,1.0950740659652076,0.4565017600722513,0.0106246810099113,-0.1028233879668304,-0.172745794386544,0.0,0.0,0.0,0.0,0.0,0.0
585,585,255,1,0.6994741644058023,1.0809034166448852,-0.0252113529477311,-0.7066210688476964,0.2565167529118527,1.3898404012085974,-0.1468592457865423,-1.3136494210474905,-1.2668008785681113,-0.3103840651497029,1.0950740659652076,0.4565017600722513,0.0106246810099113,-0.1028233879668304,1.2152261286172472,0.0,0.0,0.0,0.0,0.0,0.0
586,586,255,1,0.6995589150841585,1.0854360295316423,0.1835070896567742,-0.7066210688476964,0.2565167529118527,1.3898404012085974,-0.1468592457865423,-1.3136494210474905,-1.210880886656743,-0.2206028388467066,1.2320719158544542,0.4565017600722513,-0.38929137935226,-0.1028233879668304,0.2449114104079099,0.0,0.0,0.0,0.0,0.0,0.0
587,587,255,1,0.7054281871757487,1.0832678178613222,0.4524327201105567,-0.4483473704324735,0.9457002797584834,1.3898404012085974,-0.1468592457865423,-1.3136494210474905,-1.210880886656743,-0.2206028388467066,1.2320719158544542,0.4565017600722513,-0.38929137935226,-0.1028233879668304,1.2152261286172472,0.0,0.0,0.0,0.0,0.0,0.0
588,588,255,1,0.5254198555269589,1.0108433789560871,0.291880123482312,-0.7066210688476964,0.0267889106296424,0.1037740961307769,-1.4555799416646498,-1.5160806913753262,-1.099040902834007,0.3629751321227686,1.2320719158544542,0.4565017600722513,-1.7889975906198596,-0.1028233879668304,0.633037297691645,0.0,0.0,0.0,0.0,0.0,0.0
589,589,255,1,0.6484076623366347,1.078494143835428,0.4765156909471065,-0.7066210688476964,0.2565167529118527,1.3898404012085974,-0.1468592457865423,-1.3136494210474905,-1.2668008785681113,-0.3103840651497029,1.0950740659652076,0.4565017600722513,0.0106246810099113,-0.1028233879668304,0.2435051571931136,0.0,0.0,0.0,0.0,0.0,0.0
590,590,255,1,0.6567036416347334,1.0800148892641088,0.1714655563900796,-0.4483473704324735,0.0267889106296424,0.1037740961307769,-1.4555799416646498,-1.3136494210474905,-1.2668008785681113,-0.3103840651497029,1.0950740659652076,0.4565017600722513,0.0106246810099113,-0.1028233879668304,0.0747547714175767,0.0,0.0,0.0,0.0,0.0,0.0
591,591,255,1,0.6657742651422409,1.0798937185032014,0.1152721810640877,-0.7066210688476964,0.0267889106296424,0.1037740961307769,-1.4555799416646498,-1.3642572386294494,-1.1549608947453749,-0.1308216125437105,1.0779493347290487,0.4565017600722513,-0.7892074397144313,-0.1028233879668304,1.2152261286172472,0.0,0.0,0.0,0.0,0.0,0.0
592,592,255,1,0.6753115926115563,1.0824392938688738,-0.2620265789120713,-0.7066210688476964,0.0267889106296424,1.3898404012085974,-1.4555799416646498,-1.3136494210474905,-1.210880886656743,-0.2206028388467066,1.2320719158544542,0.4565017600722513,-0.38929137935226,-0.1028233879668304,1.2152261286172472,0.0,0.0,0.0,0.0,0.0,0.0
593,593,255,1,0.6791669815022991,1.0665862939144577,0.3199768111453079,-0.7066210688476964,0.0267889106296424,0.1037740961307769,-1.4555799416646498,-1.465472873793367,-1.434560854302216,0.6772094241832552,1.2320719158544542,0.4565017600722513,-0.1893333491711743,-0.1028233879668304,1.2152261286172472,0.0,0.0,0.0,0.0,0.0,0.0
594,594,255,1,0.6823679494309836,1.0830023130528406,-0.5349660697375586,-0.7066210688476964,-0.4326667739347779,1.3898404012085974,-1.4555799416646498,-1.2630416034655316,-1.1549608947453749,-0.4001652914526991,1.2320719158544542,0.4565017600722513,-0.38929137935226,-0.1028233879668304,-0.4286838794794418,0.0,0.0,0.0,0.0,0.0,0.0
595,595,255,1,0.6915958027037667,1.0798004251651925,-0.0773910114472769,-0.7066210688476964,-0.2029389316525677,0.1037740961307769,-1.4555799416646498,-1.3136494210474905,-1.2668008785681113,-0.3103840651497029,1.0950740659652076,0.4565017600722513,0.0106246810099113,-0.1028233879668304,1.2152261286172472,0.0,0.0,0.0,0.0,0.0,0.0
596,596,255,1,0.6981290829382255,1.080593040243386,0.5046123786101024,-0.7066210688476964,0.4862445951940629,1.3898404012085974,-0.1468592457865423,-1.3136494210474905,-1.2668008785681113,-0.3103840651497029,1.0950740659652076,0.4565017600722513,0.0106246810099113,-0.1028233879668304,1.2152261286172472,0.0,0.0,0.0,0.0,0.0,0.0
597,597,255,1,0.7047185440522279,1.0865687026098272,-0.2138607329358107,-0.7066210688476964,-0.4326667739347779,0.1037740961307769,-1.4555799416646498,-1.2630416034655316,-1.1549608947453749,-0.4001652914526991,1.2320719158544542,0.4565017600722513,-0.38929137935226,-0.1028233879668304,0.2463176636227058,0.0,0.0,0.0,0.0,0.0,0.0
598,598,255,1,0.6611252494240865,1.08050556682665,-0.5349660697375586,-0.7066210688476964,-0.4326667739347779,1.3898404012085974,-1.4555799416646498,-1.3136494210474905,-1.2668008785681113,-0.3103840651497029,1.0950740659652076,0.4565017600722513,0.0106246810099113,-0.1028233879668304,-0.3386836737324887,0.0,0.0,0.0,0.0,0.0,0.0
599,599,255,1,0.6679137404116948,1.083717173982824,0.544750599539793,-0.4483473704324735,-0.2029389316525677,0.1037740961307769,-1.4555799416646498,-1.3136494210474905,-1.210880886656743,-0.1308216125437105,1.2320719158544542,0.4565017600722513,-0.1893333491711743,-0.1028233879668304,0.924131713154446,0.0,0.0,0.0,0.0,0.0,0.0
600,600,255,1,0.6743292900658128,1.0808714652770943,-0.7517121613128439,-0.7066210688476964,-0.6623946162169881,1.3898404012085974,-1.4555799416646498,-1.3136494210474905,-1.2668008785681113,-0.3103840651497029,1.0950740659652076,0.4565017600722513,0.0106246810099113,-0.1028233879668304,-0.4258713730498497,0.0,0.0,0.0,0.0,0.0,0.0
601,601,255,1,0.6828622644735226,1.083441018718412,0.1674517438667945,0.0682000263979722,0.0267889106296424,0.1037740961307769,-1.4555799416646498,-1.2630416034655316,-1.1549608947453749,-0.4001652914526991,1.2320719158544542,0.4565017600722513,-0.38929137935226,-0.1028233879668304,0.1647549771645297,0.0,0.0,0.0,0.0,0.0,0.0
602,602,255,1,0.6839630645740723,1.0652013854482936,0.3199768111453079,-0.7066210688476964,0.4862445951940629,1.3898404012085974,-0.1468592457865423,-1.617296326539244,-1.5464008381249523,0.6323188110317571,1.2320719158544542,0.4565017600722513,-0.5892494095333457,-0.1028233879668304,1.2152261286172472,0.0,0.0,0.0,0.0,0.0,0.0
603,603,255,1,0.6848598494669941,1.0883394718564017,-0.6192562284233856,-0.7066210688476964,-0.6623946162169881,0.1037740961307769,-1.4555799416646498,-1.2630416034655316,-1.1549608947453749,-0.4001652914526991,1.2320719158544542,0.4565017600722513,-0.38929137935226,-0.1028233879668304,-0.3414961801620809,0.0,0.0,0.0,0.0,0.0,0.0
604,604,255,1,0.5261789685034561,1.0097581964354916,-0.4306068484353059,-0.7066210688476964,-0.4326667739347779,0.1037740961307769,-1.4555799416646498,-1.3642572386294494,-1.210880886656743,0.1385220663652781,1.2320719158544542,0.4565017600722513,-0.5892494095333457,-0.1028233879668304,1.2152261286172472,0.0,0.0,0.0,0.0,0.0,0.0
605,605,255,1,0.6501105373920231,1.0797116713657764,1.8693098805859567,-0.7066210688476964,1.634883806605114,1.3898404012085974,-0.1468592457865423,-1.3136494210474905,-1.2668008785681113,-0.3103840651497029,1.0950740659652076,0.4565017600722513,0.0106246810099113,-0.1028233879668304,1.2152261286172472,0.0,0.0,0.0,0.0,0.0,0.0
606,606,255,1,0.6547200539252425,1.0764032207196172,0.3601149363781593,-0.4483473704324735,0.2565167529118527,1.3898404012085974,-0.1468592457865423,-1.3136494210474905,-1.2668008785681113,-0.3103840651497029,1.0950740659652076,0.4565017600722513,0.0106246810099113,-0.1028233879668304,0.8369440138370852,0.0,0.0,0.0,0.0,0.0,0.0
607,607,255,1,0.6615121880415588,1.0789013055277006,-0.3021647041449228,-0.7066210688476964,-0.6623946162169881,0.1037740961307769,-1.4555799416646498,-1.3136494210474905,-1.2668008785681113,-0.3103840651497029,1.0950740659652076,0.4565017600722513,0.0106246810099113,-0.1028233879668304,1.2152261286172472,0.0,0.0,0.0,0.0,0.0,0.0
608,608,255,1,0.6597669376469931,1.0765324229718811,-0.2339298912490757,-0.7066210688476964,0.4862445951940629,1.3898404012085974,-0.1468592457865423,-1.3136494210474905,-1.2668008785681113,-0.3103840651497029,1.0950740659652076,0.4565017600722513,0.0106246810099113,-0.1028233879668304,-0.4286838794794418,0.0,0.0,0.0,0.0,0.0,0.0
609,609,255,1,0.6590245063651033,1.0793595079295368,-0.1697087951796742,-0.7066210688476964,-0.2029389316525677,0.1037740961307769,-1.4555799416646498,-1.3136494210474905,-1.2668008785681113,-0.3103840651497029,1.0950740659652076,0.4565017600722513,0.0106246810099113,-0.1028233879668304,0.4150680493982432,0.0,0.0,0.0,0.0,0.0,0.0
610,610,255,1,0.6696262026478915,1.0856456048966894,-0.2941370790983525,-0.4483473704324735,-0.4326667739347779,0.1037740961307769,-1.4555799416646498,-1.3136494210474905,-1.210880886656743,-0.1308216125437105,1.2320719158544542,0.4565017600722513,-0.1893333491711743,-0.1028233879668304,1.2152261286172472,0.0,0.0,0.0,0.0,0.0,0.0
611,611,255,1,0.668385621451139,1.083004990216626,1.2592098028655818,-0.7066210688476964,0.7159724374762731,0.1037740961307769,-0.1468592457865423,-1.3136494210474905,-1.210880886656743,-0.1308216125437105,1.2320719158544542,0.4565017600722513,-0.1893333491711743,-0.1028233879668304,1.2152261286172472,0.0,0.0,0.0,0.0,0.0,0.0
612,612,255,1,0.6801032655801572,1.0835000909193344,0.0068991472385499,-0.7066210688476964,-0.2029389316525677,0.1037740961307769,-1.4555799416646498,-1.2630416034655316,-1.1549608947453749,-0.4001652914526991,1.2320719158544542,0.4565017600722513,-0.38929137935226,-0.1028233879668304,0.5838184351737802,0.0,0.0,0.0,0.0,0.0,0.0
613,613,255,1,0.6937469743338087,1.079621520785255,1.744881596667279,-0.7066210688476964,1.4051559643229037,1.3898404012085974,1.1618614500915652,-1.3136494210474905,-1.2668008785681113,-0.3103840651497029,1.0950740659652076,0.4565017600722513,0.0106246810099113,-0.1028233879668304,1.0886633392855944,0.0,0.0,0.0,0.0,0.0,0.0
614,614,255,1,0.6982665631110344,1.0872902564492744,0.436377470017416,-0.4483473704324735,0.4862445951940629,1.3898404012085974,-0.1468592457865423,-1.3136494210474905,-1.210880886656743,-0.2206028388467066,1.2320719158544542,0.4565017600722513,-0.38929137935226,-0.1028233879668304,1.2152261286172472,0.0,0.0,0.0,0.0,0.0,0.0
615,615,255,1,0.6996204647849555,1.0841496523326333,-0.4105377858188802,-0.7066210688476964,-0.4326667739347779,0.1037740961307769,-1.4555799416646498,-1.2630416034655316,-1.1549608947453749,-0.4001652914526991,1.2320719158544542,0.4565017600722513,-0.38929137935226,-0.1028233879668304,-0.3443086865916731,0.0,0.0,0.0,0.0,0.0,0.0
616,616,255,1,0.7047588102116283,1.0834152364671716,0.7374137920511578,-0.7066210688476964,0.7159724374762731,1.3898404012085974,-0.1468592457865423,-1.3136494210474905,-1.210880886656743,-0.2206028388467066,1.2320719158544542,0.4565017600722513,-0.38929137935226,-0.1028233879668304,1.2152261286172472,0.0,0.0,0.0,0.0,0.0,0.0
617,617,255,1,0.7054281871757487,1.0832678178613222,0.4524327201105567,-0.7066210688476964,0.2565167529118527,1.3898404012085974,-0.1468592457865423,-1.2630416034655316,-1.1549608947453749,-0.4001652914526991,1.2320719158544542,0.4565017600722513,-0.38929137935226,-0.1028233879668304,1.2152261286172472,0.0,0.0,0.0,0.0,0.0,0.0
618,618,255,1,0.7063489400206965,1.085246882090263,-0.4667312089932917,-0.7066210688476964,-0.4326667739347779,1.3898404012085974,-1.4555799416646498,-1.2630416034655316,-1.1549608947453749,-0.4001652914526991,1.2320719158544542,0.4565017600722513,-0.38929137935226,-0.1028233879668304,-0.4286838794794418,0.0,0.0,0.0,0.0,0.0,0.0
619,619,255,1,0.6587276872472405,1.0758801843947972,-0.6433391035630964,-0.7066210688476964,-0.6623946162169881,0.1037740961307769,-1.4555799416646498,-1.3136494210474905,-1.2668008785681113,-0.3103840651497029,1.0950740659652076,0.4565017600722513,0.0106246810099113,-0.1028233879668304,0.1731924964533068,0.0,0.0,0.0,0.0,0.0,0.0
620,620,255,1,0.6581950234814634,1.0808705340896905,-0.2259021705056659,-0.7066210688476964,-0.4326667739347779,0.1037740961307769,-1.4555799416646498,-1.3136494210474905,-1.2668008785681113,-0.3103840651497029,1.0950740659652076,0.4565017600722513,0.0106246810099113,-0.1028233879668304,-0.1755583008161362,0.0,0.0,0.0,0.0,0.0,0.0
621,621,255,1,0.6610792309562011,1.0802862139938638,-0.6674220265512267,-0.7066210688476964,-0.6623946162169881,1.3898404012085974,-1.4555799416646498,-1.3136494210474905,-1.2668008785681113,-0.3103840651497029,1.0950740659652076,0.4565017600722513,0.0106246810099113,-0.1028233879668304,-0.4300901326942376,0.0,0.0,0.0,0.0,0.0,0.0
622,622,255,1,0.66297078172992,1.0771300706874238,-0.7958641469173999,-0.7066210688476964,-0.4326667739347779,1.3898404012085974,-1.4555799416646498,-1.3136494210474905,-1.2668008785681113,-0.3103840651497029,1.0950740659652076,0.4565017600722513,0.0106246810099113,-0.1028233879668304,-0.4174338537610726,0.0,0.0,0.0,0.0,0.0,0.0
623,623,255,1,0.671733464989825,1.080865645355821,0.621012941785371,-0.7066210688476964,0.9457002797584834,1.3898404012085974,-0.1468592457865423,-1.3642572386294494,-1.1549608947453749,-0.1308216125437105,1.0779493347290487,0.4565017600722513,-0.7892074397144313,-0.1028233879668304,1.2152261286172472,0.0,0.0,0.0,0.0,0.0,0.0
624,624,255,1,0.6722389011621037,1.0809482300386872,0.0791478683545215,-0.7066210688476964,0.0267889106296424,1.3898404012085974,-1.4555799416646498,-1.3136494210474905,-1.2668008785681113,-0.3103840651497029,1.0950740659652076,0.4565017600722513,0.0106246810099113,-0.1028233879668304,-0.4300901326942376,0.0,0.0,0.0,0.0,0.0,0.0
625,625,255,1,0.6813643633438422,1.077536824985205,-0.5148970071211327,-0.7066210688476964,-0.6623946162169881,0.1037740961307769,-1.4555799416646498,-1.3136494210474905,-1.2668008785681113,-0.3103840651497029,1.0950740659652076,0.4565017600722513,0.0106246810099113,-0.1028233879668304,-0.4174338537610726,0.0,0.0,0.0,0.0,0.0,0.0
626,626,255,1,0.7010913300647532,1.0822221526061715,0.1875209021800593,-0.4483473704324735,0.2565167529118527,1.3898404012085974,-0.1468592457865423,-1.2630416034655316,-1.1549608947453749,-0.4001652914526991,1.2320719158544542,0.4565017600722513,-0.38929137935226,-0.1028233879668304,1.2152261286172472,0.0,0.0,0.0,0.0,0.0,0.0
627,627,255,1,0.5230075290916654,1.0109642005217183,0.2798386859124566,-0.4483473704324735,0.4862445951940629,1.3898404012085974,-0.1468592457865423,-1.3642572386294494,-1.210880886656743,0.1385220663652781,1.2320719158544542,0.4565017600722513,-0.5892494095333457,-0.1028233879668304,-0.289464811214624,0.0,0.0,0.0,0.0,0.0,0.0
628,628,255,1,0.5311169418512103,1.009545943906659,-0.4827864590864322,-0.7066210688476964,-0.4326667739347779,0.1037740961307769,-1.4555799416646498,-1.3642572386294494,-1.210880886656743,0.1385220663652781,1.2320719158544542,0.4565017600722513,-0.5892494095333457,-0.1028233879668304,1.2152261286172472,0.0,0.0,0.0,0.0,0.0,0.0
629,629,255,1,0.6607245052662478,1.080042883085434,-0.7637535988826993,-0.7066210688476964,-0.6623946162169881,1.3898404012085974,-1.4555799416646498,-1.3642572386294494,-1.1549608947453749,-0.1308216125437105,1.0779493347290487,0.4565017600722513,-0.7892074397144313,-0.1028233879668304,1.2152261286172472,0.0,0.0,0.0,0.0,0.0,0.0
630,630,255,1,0.6622787790190889,1.078450145230604,0.3721563739480147,-0.7066210688476964,0.2565167529118527,1.3898404012085974,-0.1468592457865423,-1.3136494210474905,-1.2668008785681113,-0.3103840651497029,1.0950740659652076,0.4565017600722513,0.0106246810099113,-0.1028233879668304,1.2152261286172472,0.0,0.0,0.0,0.0,0.0,0.0
631,631,255,1,0.6629744248586279,1.0790269576279878,-0.2218883579823808,-0.4483473704324735,-0.2029389316525677,1.3898404012085974,-1.4555799416646498,-1.3136494210474905,-1.2668008785681113,-0.3103840651497029,1.0950740659652076,0.4565017600722513,0.0106246810099113,-0.1028233879668304,-0.0883706014987752,0.0,0.0,0.0,0.0,0.0,0.0
632,632,255,1,0.6636648936205292,1.0819220192661143,-0.39448248787732,-0.7066210688476964,-0.6623946162169881,0.1037740961307769,-1.4555799416646498,-1.3136494210474905,-1.2668008785681113,-0.3103840651497029,1.0950740659652076,0.4565017600722513,0.0106246810099113,-0.1028233879668304,-0.4286838794794418,0.0,0.0,0.0,0.0,0.0,0.0
633,633,255,1,0.6921693078597928,1.079271627118312,0.833745292610001,-0.4483473704324735,0.4862445951940629,0.1037740961307769,-0.1468592457865423,-1.3136494210474905,-1.2668008785681113,-0.3103840651497029,1.0950740659652076,0.4565017600722513,0.0106246810099113,-0.1028233879668304,1.2152261286172472,0.0,0.0,0.0,0.0,0.0,0.0
634,634,255,1,0.6962279449836968,1.087861248925386,-0.6032009304818254,-0.7066210688476964,-0.4326667739347779,1.3898404012085974,-1.4555799416646498,-1.2630416034655316,-1.1549608947453749,-0.4001652914526991,1.2320719158544542,0.4565017600722513,-0.38929137935226,-0.1028233879668304,0.5866309416033723,0.0,0.0,0.0,0.0,0.0,0.0
635,635,255,1,0.6966449873489113,1.082755897586134,-0.1215429492034134,-0.7066210688476964,0.0267889106296424,1.3898404012085974,-1.4555799416646498,-1.2630416034655316,-1.1549608947453749,-0.4001652914526991,1.2320719158544542,0.4565017600722513,-0.38929137935226,-0.1028233879668304,-0.1755583008161362,0.0,0.0,0.0,0.0,0.0,0.0
636,636,255,1,0.6992408124248977,1.081063231683045,0.4765156909471065,-0.7066210688476964,0.2565167529118527,1.3898404012085974,-0.1468592457865423,-1.3136494210474905,-1.2668008785681113,-0.3103840651497029,1.0950740659652076,0.4565017600722513,0.0106246810099113,-0.1028233879668304,1.2152261286172472,0.0,0.0,0.0,0.0,0.0,0.0
637,637,255,1,0.7054090128141305,1.0824468597665289,-0.5148970071211327,-0.7066210688476964,-0.6623946162169881,0.1037740961307769,-1.4555799416646498,-1.2630416034655316,-1.1549608947453749,-0.4001652914526991,1.2320719158544542,0.4565017600722513,-0.38929137935226,-0.1028233879668304,0.4150680493982432,0.0,0.0,0.0,0.0,0.0,0.0
638,638,255,1,0.6580957002882768,1.079414622583993,-0.0091561028545905,-0.4483473704324735,0.0267889106296424,0.1037740961307769,-1.4555799416646498,-1.3136494210474905,-1.2668008785681113,-0.3103840651497029,1.0950740659652076,0.4565017600722513,0.0106246810099113,-0.1028233879668304,-0.0841518418543873,0.0,0.0,0.0,0.0,0.0,0.0
639,639,255,1,0.6689004530606104,1.0862184015483962,-0.4306068484353059,-0.7066210688476964,-0.2029389316525677,1.3898404012085974,-1.4555799416646498,-1.3136494210474905,-1.210880886656743,-0.1308216125437105,1.2320719158544542,0.4565017600722513,-0.1893333491711743,-0.1028233879668304,0.4178805558278354,0.0,0.0,0.0,0.0,0.0,0.0
640,640,255,1,0.6690665030322318,1.0790966802848407,-0.0653495738774215,-0.7066210688476964,-0.4326667739347779,0.1037740961307769,-1.4555799416646498,-1.3136494210474905,-1.2668008785681113,-0.3103840651497029,1.0950740659652076,0.4565017600722513,0.0106246810099113,-0.1028233879668304,-0.2571209872743127,0.0,0.0,0.0,0.0,0.0,0.0
641,641,255,1,0.6794200830756706,1.078446595078628,-0.1857640452728148,-0.7066210688476964,-0.6623946162169881,0.1037740961307769,-1.4555799416646498,-1.3136494210474905,-1.2668008785681113,-0.3103840651497029,1.0950740659652076,0.4565017600722513,0.0106246810099113,-0.1028233879668304,0.3335053629400666,0.0,0.0,0.0,0.0,0.0,0.0
642,642,255,1,0.6831418266659283,1.0658780676947237,-0.719601637202353,-0.4483473704324735,-0.6623946162169881,0.1037740961307769,-1.4555799416646498,-1.465472873793367,-1.434560854302216,0.6772094241832552,1.2320719158544542,0.4565017600722513,-0.1893333491711743,-0.1028233879668304,-0.3738400041023921,0.0,0.0,0.0,0.0,0.0,0.0
643,643,255,1,0.7060921953186171,1.082722607636452,-0.6995325506617177,-0.7066210688476964,-0.4326667739347779,1.3898404012085974,-1.4555799416646498,-1.2630416034655316,-1.1549608947453749,-0.4001652914526991,1.2320719158544542,0.4565017600722513,-0.38929137935226,-0.1028233879668304,-0.3386836737324887,0.0,0.0,0.0,0.0,0.0,0.0
644,644,255,1,0.5221385470230906,1.009496241778985,-0.2620265789120713,-0.7066210688476964,-0.4326667739347779,0.1037740961307769,-1.4555799416646498,-1.3642572386294494,-1.210880886656743,0.1385220663652781,1.2320719158544542,0.4565017600722513,-0.5892494095333457,-0.1028233879668304,0.3785054658135435,0.0,0.0,0.0,0.0,0.0,0.0
645,645,255,1,0.6526411696385057,1.079657022305022,-0.635311478516526,-0.7066210688476964,-0.6623946162169881,0.1037740961307769,-1.4555799416646498,-1.3136494210474905,-1.2668008785681113,-0.3103840651497029,1.0950740659652076,0.4565017600722513,0.0106246810099113,-0.1028233879668304,-0.4216526134054611,0.0,0.0,0.0,0.0,0.0,0.0
646,646,255,1,0.6606813629526048,1.0797142903303494,0.3761702821681389,-0.7066210688476964,0.7159724374762731,1.3898404012085974,-0.1468592457865423,-1.3136494210474905,-1.2668008785681113,-0.3103840651497029,1.0950740659652076,0.4565017600722513,0.0106246810099113,-0.1028233879668304,0.6724123877059368,0.0,0.0,0.0,0.0,0.0,0.0
647,647,255,1,0.6634198452790379,1.084055078611944,0.1995623397499147,-0.1900736720172506,0.2565167529118527,0.1037740961307769,-0.1468592457865423,-1.3136494210474905,-1.210880886656743,-0.1308216125437105,1.2320719158544542,0.4565017600722513,-0.1893333491711743,-0.1028233879668304,1.0971008585743716,0.0,0.0,0.0,0.0,0.0,0.0
648,648,255,1,0.6702083362666462,1.0785181219110749,0.5126400036566727,-0.7066210688476964,0.0267889106296424,0.1037740961307769,-1.4555799416646498,-1.3136494210474905,-1.2668008785681113,-0.3103840651497029,1.0950740659652076,0.4565017600722513,0.0106246810099113,-0.1028233879668304,1.2152261286172472,0.0,0.0,0.0,0.0,0.0,0.0
649,649,255,1,0.6736673911027227,1.0794994188369451,-0.346316689749479,-0.7066210688476964,-0.6623946162169881,0.1037740961307769,-1.4555799416646498,-1.3136494210474905,-1.2668008785681113,-0.3103840651497029,1.0950740659652076,0.4565017600722513,0.0106246810099113,-0.1028233879668304,0.924131713154446,0.0,0.0,0.0,0.0,0.0,0.0
650,650,255,1,0.6736695002825008,1.080650308268714,0.6250268500054956,-0.7066210688476964,1.1754281220406937,1.3898404012085974,-0.1468592457865423,-1.3136494210474905,-1.2668008785681113,-0.3103840651497029,1.0950740659652076,0.4565017600722513,0.0106246810099113,-0.1028233879668304,-0.0883706014987752,0.0,0.0,0.0,0.0,0.0,0.0
651,651,255,1,0.6840217381206256,1.067651048511384,0.1433688687270837,-0.7066210688476964,0.0267889106296424,1.3898404012085974,-1.4555799416646498,-1.465472873793367,-1.434560854302216,0.6772094241832552,1.2320719158544542,0.4565017600722513,-0.1893333491711743,-0.1028233879668304,0.7300687695125786,0.0,0.0,0.0,0.0,0.0,0.0
652,652,255,1,0.6847992584842783,1.088418506387292,-0.3984963004006052,-0.7066210688476964,-0.4326667739347779,0.1037740961307769,-1.4555799416646498,-1.2630416034655316,-1.1549608947453749,-0.4001652914526991,1.2320719158544542,0.4565017600722513,-0.38929137935226,-0.1028233879668304,-0.0068079150405992,0.0,0.0,0.0,0.0,0.0,0.0
653,653,255,1,0.5364660135120772,1.0115596366671769,0.0349958349015459,-0.4483473704324735,0.2565167529118527,1.3898404012085974,-0.1468592457865423,-1.3642572386294494,-1.210880886656743,0.4078657452742666,1.0950740659652076,0.4565017600722513,-0.5892494095333457,-0.1028233879668304,0.9831943481758842,0.0,0.0,0.0,0.0,0.0,0.0
654,654,255,1,0.6554632521815965,1.080404300196497,0.3119491860987372,-0.7066210688476964,0.4862445951940629,1.3898404012085974,-0.1468592457865423,-1.3136494210474905,-1.2668008785681113,-0.3103840651497029,1.0950740659652076,0.4565017600722513,0.0106246810099113,-0.1028233879668304,1.2152261286172472,0.0,0.0,0.0,0.0,0.0,0.0
655,655,255,1,0.6565726807448748,1.0814038134759512,1.684674313121164,-0.7066210688476964,0.4862445951940629,0.1037740961307769,-0.1468592457865423,-1.3136494210474905,-1.2668008785681113,-0.3103840651497029,1.0950740659652076,0.4565017600722513,0.0106246810099113,-0.1028233879668304,1.2152261286172472,0.0,0.0,0.0,0.0,0.0,0.0
656,656,255,1,0.6642938126816347,1.0833291016323288,-0.3503305022727638,-0.4483473704324735,-0.4326667739347779,0.1037740961307769,-1.4555799416646498,-1.3136494210474905,-1.210880886656743,-0.1308216125437105,1.2320719158544542,0.4565017600722513,-0.1893333491711743,-0.1028233879668304,-0.3414961801620809,0.0,0.0,0.0,0.0,0.0,0.0
657,657,255,1,0.6678326328620466,1.0879442992019537,-0.1656949826563891,-0.7066210688476964,0.0267889106296424,1.3898404012085974,-1.4555799416646498,-1.3136494210474905,-1.210880886656743,-0.1308216125437105,1.2320719158544542,0.4565017600722513,-0.1893333491711743,-0.1028233879668304,1.2152261286172472,0.0,0.0,0.0,0.0,0.0,0.0
658,658,255,1,0.6712236187143756,1.0783063349759454,0.1674517438667945,-0.7066210688476964,0.4862445951940629,1.3898404012085974,-0.1468592457865423,-1.3136494210474905,-1.2668008785681113,-0.3103840651497029,1.0950740659652076,0.4565017600722513,0.0106246810099113,-0.1028233879668304,1.2152261286172472,0.0,0.0,0.0,0.0,0.0,0.0
659,659,255,1,0.6777465447935603,1.0836603715511983,0.5046123786101024,-0.7066210688476964,0.7159724374762731,1.3898404012085974,-0.1468592457865423,-1.2630416034655316,-1.1549608947453749,-0.4001652914526991,1.2320719158544542,0.4565017600722513,-0.38929137935226,-0.1028233879668304,1.2152261286172472,0.0,0.0,0.0,0.0,0.0,0.0
660,660,255,1,0.678335389438881,1.0852992613817216,-0.1777364202262445,-0.4483473704324735,-0.4326667739347779,0.1037740961307769,-1.4555799416646498,-1.2630416034655316,-1.1549608947453749,-0.4001652914526991,1.2320719158544542,0.4565017600722513,-0.38929137935226,-0.1028233879668304,-0.3457149398064694,0.0,0.0,0.0,0.0,0.0,0.0
661,661,255,1,0.6823970944606444,1.08298141953547,0.2276590274129107,-0.7066210688476964,0.4862445951940629,1.3898404012085974,-0.1468592457865423,-1.2630416034655316,-1.1549608947453749,-0.4001652914526991,1.2320719158544542,0.4565017600722513,-0.38929137935226,-0.1028233879668304,1.2152261286172472,0.0,0.0,0.0,0.0,0.0,0.0
662,662,255,1,0.6908504952676345,1.1061040249529916,0.1995623397499147,0.5847474232284181,0.2565167529118527,0.1037740961307769,-0.1468592457865423,-1.3136494210474905,-1.1549608947453749,0.0038502269107838,1.1121987972013605,0.4565017600722513,-0.5892494095333457,-0.1028233879668304,1.1800697982473438,0.0,0.0,0.0,0.0,0.0,0.0
663,663,255,1,0.6966449873489113,1.082755897586134,-0.1215429492034134,-0.7066210688476964,0.0267889106296424,1.3898404012085974,-1.4555799416646498,-1.2630416034655316,-1.1549608947453749,-0.4001652914526991,1.2320719158544542,0.4565017600722513,-0.38929137935226,-0.1028233879668304,-0.4286838794794418,0.0,0.0,0.0,0.0,0.0,0.0
664,664,255,1,0.6995575728788445,1.086509223014415,-0.6192562284233856,-0.7066210688476964,-0.4326667739347779,1.3898404012085974,-1.4555799416646498,-1.2630416034655316,-1.1549608947453749,-0.4001652914526991,1.2320719158544542,0.4565017600722513,-0.38929137935226,-0.1028233879668304,-0.4286838794794418,0.0,0.0,0.0,0.0,0.0,0.0
665,665,255,1,0.7130425179182904,1.090377142692565,-0.133584482470108,-0.7066210688476964,-0.2029389316525677,0.1037740961307769,-1.4555799416646498,-1.2630416034655316,-1.1549608947453749,-0.4001652914526991,1.2320719158544542,0.4565017600722513,-0.38929137935226,-0.1028233879668304,1.0914758457151867,0.0,0.0,0.0,0.0,0.0,0.0
666,666,255,1,0.7317981114795805,1.0973874124637375,-0.4546897714234362,-0.7066210688476964,-0.6623946162169881,0.1037740961307769,-1.4555799416646498,-1.465472873793367,-1.3227208704794795,-0.1308216125437105,0.4100848165189568,0.4565017600722513,-0.7892074397144313,-0.1028233879668304,0.4136617961834469,0.0,0.0,0.0,0.0,0.0,0.0
667,667,255,1,0.652980555839163,1.0727040205591782,0.1995623397499147,0.0682000263979722,0.0267889106296424,0.1037740961307769,-1.4555799416646498,-1.465472873793367,-1.434560854302216,0.6772094241832552,1.2320719158544542,0.4565017600722513,-0.1893333491711743,-0.1028233879668304,-0.1741520476013403,0.0,0.0,0.0,0.0,0.0,0.0
668,668,255,1,0.6671275915853135,1.0791952697512082,0.2156175898430553,-0.7066210688476964,-0.4326667739347779,0.1037740961307769,-1.4555799416646498,-1.3136494210474905,-1.2668008785681113,-0.3103840651497029,1.0950740659652076,0.4565017600722513,0.0106246810099113,-0.1028233879668304,-0.3429024333768772,0.0,0.0,0.0,0.0,0.0,0.0
669,669,255,1,0.6755706382370296,1.0753979457181022,0.3239906236685931,-0.7066210688476964,0.4862445951940629,1.3898404012085974,-0.1468592457865423,-1.3136494210474905,-1.2668008785681113,-0.3103840651497029,1.0950740659652076,0.4565017600722513,0.0106246810099113,-0.1028233879668304,1.2152261286172472,0.0,0.0,0.0,0.0,0.0,0.0
670,670,255,1,0.6947350291880383,1.0800637766028034,0.0952031184476619,-0.7066210688476964,0.0267889106296424,0.1037740961307769,-1.4555799416646498,-1.3136494210474905,-1.2668008785681113,-0.3103840651497029,1.0950740659652076,0.4565017600722513,0.0106246810099113,-0.1028233879668304,0.1661612303793261,0.0,0.0,0.0,0.0,0.0,0.0
671,671,255,1,0.7054669193862195,1.0824694992602817,2.0980974815037277,-0.7066210688476964,2.553795175733955,1.3898404012085974,1.1618614500915652,-1.2630416034655316,-1.1549608947453749,-0.4001652914526991,1.2320719158544542,0.4565017600722513,-0.38929137935226,-0.1028233879668304,1.2152261286172472,0.0,0.0,0.0,0.0,0.0,0.0
672,672,255,1,0.4149929812703048,1.0518020061034334,0.0229543973316905,-0.7066210688476964,0.0267889106296424,1.3898404012085974,-1.4555799416646498,-1.3642572386294494,-1.2668008785681113,0.6772094241832552,1.1121987972013605,0.4565017600722513,-0.38929137935226,-0.1028233879668304,1.2152261286172472,0.0,0.0,0.0,0.0,0.0,0.0
673,673,255,1,0.6628208382220588,1.0841327745609417,0.2718109651690472,-0.7066210688476964,0.0267889106296424,0.1037740961307769,-1.4555799416646498,-1.3136494210474905,-1.210880886656743,-0.1308216125437105,1.2320719158544542,0.4565017600722513,-0.1893333491711743,-0.1028233879668304,1.2152261286172472,0.0,0.0,0.0,0.0,0.0,0.0
674,674,255,1,0.6636415008993544,1.0826204680181075,-0.3222338146097681,-0.7066210688476964,-0.4326667739347779,0.1037740961307769,-1.4555799416646498,-1.3136494210474905,-1.2668008785681113,-0.3103840651497029,1.0950740659652076,0.4565017600722513,0.0106246810099113,-0.1028233879668304,-0.3400899269472845,0.0,0.0,0.0,0.0,0.0,0.0
675,675,255,1,0.6892528874575347,1.0639443406525,-0.0091561028545905,-0.4483473704324735,0.2565167529118527,1.3898404012085974,-0.1468592457865423,-1.617296326539244,-1.210880886656743,0.8118812636377496,0.975200947312114,0.4565017600722513,-1.7889975906198596,-0.1028233879668304,1.2152261286172472,0.0,0.0,0.0,0.0,0.0,0.0
676,676,255,1,0.6568792787871646,1.0816466787906802,-0.0412666987377107,-0.7066210688476964,-0.2029389316525677,0.1037740961307769,-1.4555799416646498,-1.3136494210474905,-1.2668008785681113,-0.3103840651497029,1.0950740659652076,0.4565017600722513,0.0106246810099113,-0.1028233879668304,1.0071006528274185,0.0,0.0,0.0,0.0,0.0,0.0
677,677,255,1,0.656983203827139,1.0807884150005274,0.4444050950639863,-0.7066210688476964,0.4862445951940629,1.3898404012085974,-0.1468592457865423,-1.3136494210474905,-1.2668008785681113,-0.3103840651497029,1.0950740659652076,0.4565017600722513,0.0106246810099113,-0.1028233879668304,1.2152261286172472,0.0,0.0,0.0,0.0,0.0,0.0
678,678,255,1,0.6747177626322148,1.0875460419892304,0.2276590274129107,-0.7066210688476964,-0.2029389316525677,0.1037740961307769,-1.4555799416646498,-1.2630416034655316,-1.1549608947453749,-0.4001652914526991,1.2320719158544542,0.4565017600722513,-0.38929137935226,-0.1028233879668304,1.2152261286172472,0.0,0.0,0.0,0.0,0.0,0.0
679,679,255,1,0.6751127544815674,1.0816422556505132,0.3280044361918782,-0.7066210688476964,0.4862445951940629,1.3898404012085974,-0.1468592457865423,-1.3136494210474905,-1.2668008785681113,-0.3103840651497029,1.0950740659652076,0.4565017600722513,0.0106246810099113,-0.1028233879668304,1.2152261286172472,0.0,0.0,0.0,0.0,0.0,0.0
680,680,255,1,0.7043419595900309,1.0854746156096835,-0.4145515983421652,-0.7066210688476964,-0.4326667739347779,0.1037740961307769,-1.4555799416646498,-1.2630416034655316,-1.1549608947453749,-0.4001652914526991,1.2320719158544542,0.4565017600722513,-0.38929137935226,-0.1028233879668304,0.2477239168375021,0.0,0.0,0.0,0.0,0.0,0.0
681,681,255,1,0.6598877361251934,1.0760227142667769,0.0309820223782608,-0.4483473704324735,-0.2029389316525677,0.1037740961307769,-1.4555799416646498,-1.3136494210474905,-1.2668008785681113,-0.3103840651497029,1.0950740659652076,0.4565017600722513,0.0106246810099113,-0.1028233879668304,1.2152261286172472,0.0,0.0,0.0,0.0,0.0,0.0
682,682,255,1,0.6581622353230945,1.081547274535335,-0.6232700409466707,-0.7066210688476964,-0.6623946162169881,0.1037740961307769,-1.4555799416646498,-1.3136494210474905,-1.2668008785681113,-0.3103840651497029,1.0950740659652076,0.4565017600722513,0.0106246810099113,-0.1028233879668304,1.2152261286172472,0.0,0.0,0.0,0.0,0.0,0.0
683,683,255,1,0.6681091271565928,1.0814486850689673,-0.559048992725689,-0.7066210688476964,-0.4326667739347779,1.3898404012085974,-1.4555799416646498,-1.3136494210474905,-1.2668008785681113,-0.3103840651497029,1.0950740659652076,0.4565017600722513,0.0106246810099113,-0.1028233879668304,1.2152261286172472,0.0,0.0,0.0,0.0,0.0,0.0
684,684,255,1,0.6834430558869632,1.0870496027046292,0.6290407582256203,-0.7066210688476964,0.4862445951940629,1.3898404012085974,-0.1468592457865423,-1.3136494210474905,-1.210880886656743,-0.2206028388467066,1.2320719158544542,0.4565017600722513,-0.38929137935226,-0.1028233879668304,1.2152261286172472,0.0,0.0,0.0,0.0,0.0,0.0
685,685,255,1,0.6951892698147926,1.083008540368603,0.1995623397499147,-0.7066210688476964,0.0267889106296424,1.3898404012085974,-1.4555799416646498,-1.3136494210474905,-1.210880886656743,-0.2206028388467066,1.2320719158544542,0.4565017600722513,-0.38929137935226,-0.1028233879668304,1.2152261286172472,0.0,0.0,0.0,0.0,0.0,0.0
686,686,255,1,0.6536148437215206,1.0777530350605034,0.1915347147033445,-0.7066210688476964,0.0267889106296424,0.1037740961307769,-1.4555799416646498,-1.3136494210474905,-1.2668008785681113,-0.3103840651497029,1.0950740659652076,0.4565017600722513,0.0106246810099113,-0.1028233879668304,0.9185067002952618,0.0,0.0,0.0,0.0,0.0,0.0
687,687,255,1,0.6735488935479177,1.0766203619823178,-0.0412666987377107,-0.7066210688476964,0.0267889106296424,1.3898404012085974,-1.4555799416646498,-1.3136494210474905,-1.2668008785681113,-0.3103840651497029,1.0950740659652076,0.4565017600722513,0.0106246810099113,-0.1028233879668304,1.2152261286172472,0.0,0.0,0.0,0.0,0.0,0.0
688,688,255,1,0.6663493042471967,1.0877769182661372,0.5929163498192143,-0.7066210688476964,0.2565167529118527,0.1037740961307769,-0.1468592457865423,-1.3136494210474905,-1.210880886656743,-0.1308216125437105,1.2320719158544542,0.4565017600722513,-0.1893333491711743,-0.1028233879668304,1.2152261286172472,0.0,0.0,0.0,0.0,0.0,0.0
689,689,255,1,0.6687645068367326,1.0894850651598118,0.2397004649827666,-0.4483473704324735,0.7159724374762731,1.3898404012085974,-0.1468592457865423,-1.3136494210474905,-1.210880886656743,-0.1308216125437105,1.2320719158544542,0.4565017600722513,-0.1893333491711743,-0.1028233879668304,1.2152261286172472,0.0,0.0,0.0,0.0,0.0,0.0
690,690,255,1,0.6741515437336033,1.0872738442712842,0.7293861670045875,-0.7066210688476964,0.7159724374762731,1.3898404012085974,-0.1468592457865423,-1.2630416034655316,-1.1549608947453749,-0.4001652914526991,1.2320719158544542,0.4565017600722513,-0.38929137935226,-0.1028233879668304,1.2152261286172472,0.0,0.0,0.0,0.0,0.0,0.0
691,691,255,1,0.6822523280304224,1.075084892152818,1.0745742354007874,-0.7066210688476964,0.9457002797584834,1.3898404012085974,-0.1468592457865423,-1.3136494210474905,-1.2668008785681113,-0.3103840651497029,1.0950740659652076,0.4565017600722513,0.0106246810099113,-0.1028233879668304,1.2152261286172472,0.0,0.0,0.0,0.0,0.0,0.0
692,692,255,1,0.6957167565029333,1.0825027892099643,-0.4145515983421652,-0.7066210688476964,-0.4326667739347779,1.3898404012085974,-1.4555799416646498,-1.2630416034655316,-1.1549608947453749,-0.4001652914526991,1.2320719158544542,0.4565017600722513,-0.38929137935226,-0.1028233879668304,1.2152261286172472,0.0,0.0,0.0,0.0,0.0,0.0
693,693,255,1,0.6716989511389106,1.077900919260055,-0.1295706699468229,-0.7066210688476964,0.2565167529118527,1.3898404012085974,-0.1468592457865423,-1.3136494210474905,-1.2668008785681113,-0.3103840651497029,1.0950740659652076,0.4565017600722513,0.0106246810099113,-0.1028233879668304,1.2152261286172472,0.0,0.0,0.0,0.0,0.0,0.0
694,694,255,1,0.6843083948268315,1.0773285882020516,-0.1697087951796742,-0.7066210688476964,0.2565167529118527,1.3898404012085974,-0.1468592457865423,-1.3136494210474905,-1.2668008785681113,-0.3103840651497029,1.0950740659652076,0.4565017600722513,0.0106246810099113,-0.1028233879668304,1.2152261286172472,0.0,0.0,0.0,0.0,0.0,0.0
695,695,255,1,0.7012010074132138,1.0850803741426387,0.4203222199242755,-0.7066210688476964,0.7159724374762731,1.3898404012085974,-0.1468592457865423,-1.2630416034655316,-1.1549608947453749,-0.4001652914526991,1.2320719158544542,0.4565017600722513,-0.38929137935226,-0.1028233879668304,1.2152261286172472,0.0,0.0,0.0,0.0,0.0,0.0
696,696,255,1,0.3307021041057293,0.8987507058481935,0.544750599539793,-0.1900736720172506,-0.2029389316525677,0.1037740961307769,-1.4555799416646498,-1.2124337858835723,-1.0431209109226385,-0.0859309993922123,1.2320719158544542,0.4565017600722513,-0.5892494095333457,-0.1028233879668304,0.0649109989140038,0.0,0.0,0.0,0.0,0.0,0.0
697,697,255,1,0.3294176136208696,0.9021905703167016,0.2477280900293364,-0.7066210688476964,0.4862445951940629,1.3898404012085974,-0.1468592457865423,-1.2124337858835723,-1.0431209109226385,-0.0859309993922123,1.2320719158544542,0.4565017600722513,-0.5892494095333457,-0.1028233879668304,1.2152261286172472,0.0,0.0,0.0,0.0,0.0,0.0
698,698,255,1,0.2942915253400859,0.8864352286412489,0.7012893836447524,2.3926633121349785,2.0943394911695346,0.1037740961307769,1.1618614500915652,-1.2124337858835723,-0.7635209513657973,-0.0859309993922123,1.0950740659652076,0.4565017600722513,-1.7889975906198596,-0.1028233879668304,0.3785054658135435,0.0,0.0,0.0,0.0,0.0,0.0
699,699,255,1,0.3363209590345763,0.8981832053248469,0.0871754934010918,-0.4483473704324735,-0.2029389316525677,0.1037740961307769,-1.4555799416646498,-1.2124337858835723,-1.0431209109226385,-0.0859309993922123,1.2320719158544542,0.4565017600722513,-0.38929137935226,-0.1028233879668304,1.2152261286172472,0.0,0.0,0.0,0.0,0.0,0.0
700,700,255,1,0.4083624870224377,0.9267420246059996,-0.559048992725689,-0.1900736720172506,-0.2029389316525677,1.3898404012085974,-1.4555799416646498,-0.1500347881596004,0.2663146665471244,-0.2476775240703009,-0.5667625893248283,0.0698512449381822,0.0362050362160249,-0.0790826667590213,0.6485060830544026,0.0,0.0,0.0,0.0,0.0,0.0
701,701,255,1,0.3364680263881937,0.8989718046573613,-0.3382890647029086,-0.7066210688476964,-0.4326667739347779,0.1037740961307769,-1.4555799416646498,-1.2124337858835723,-1.0431209109226385,-0.0859309993922123,1.2320719158544542,0.4565017600722513,-0.38929137935226,-0.1028233879668304,1.2152261286172472,0.0,0.0,0.0,0.0,0.0,0.0
702,702,255,1,0.5615786749245463,0.296122068883814,0.0189405848084053,-0.4483473704324735,-0.4326667739347779,-1.1822922089470431,-0.1468592457865423,-1.465472873793367,-1.6023208300363208,1.1710061688497344,-0.8913947574289093,-1.7714952898653895,0.810456801734254,-0.1028233879668304,0.945225511376388,0.0,0.0,0.0,0.0,0.0,0.0
703,703,255,1,0.6925934447388062,0.3121988448111828,-0.2459713288189309,-0.4483473704324735,-0.6623946162169881,-1.1822922089470431,-0.1468592457865423,-1.566688508957285,-1.7700808057704254,1.3056780083042288,-0.7715216387758216,-0.657496764896569,1.410330892277511,-0.1028233879668304,-0.3780587637467807,0.0,0.0,0.0,0.0,0.0,0.0
704,704,255,1,0.7018498678104019,0.3102744878422083,1.3595552116445495,0.5847474232284181,0.4862445951940629,-1.1822922089470431,1.1618614500915652,-1.566688508957285,-1.7700808057704254,1.3056780083042288,-0.7715216387758216,-0.657496764896569,1.410330892277511,-0.1028233879668304,1.2152261286172472,0.0,0.0,0.0,0.0,0.0,0.0
705,705,255,1,0.7173264537912188,0.3080054751354376,-0.0814048239705621,-0.4483473704324735,-0.6623946162169881,-1.1822922089470431,-0.1468592457865423,-1.566688508957285,-1.7700808057704254,1.3056780083042288,-0.7886463700119744,-1.400162448209116,1.2103728620964254,-0.1028233879668304,0.8102252027559589,0.0,0.0,0.0,0.0,0.0,0.0
706,706,255,1,0.7032008933300806,0.3099960628085014,0.5728471915059498,-0.1900736720172506,-0.4326667739347779,-1.1822922089470431,-0.1468592457865423,-1.566688508957285,-1.7700808057704254,1.3056780083042288,-0.7886463700119744,-1.400162448209116,1.2103728620964254,-0.1028233879668304,-0.289464811214624,0.0,0.0,0.0,0.0,0.0,0.0
707,707,255,1,0.6867492910609361,0.3135189775535763,-0.5630628052489741,0.0682000263979722,-0.2029389316525677,-1.1822922089470431,1.1618614500915652,-1.465472873793367,-1.5464008381249523,1.03633432939524,-0.8057711012481332,-1.7714952898653895,0.810456801734254,-0.0652078844097142,1.2152261286172472,0.0,0.0,0.0,0.0,0.0,0.0
708,708,255,1,0.7117354016867202,0.30862401636835,3.615319955061257,2.1343896137197556,1.634883806605114,-1.1822922089470431,2.4705821459696726,-1.566688508957285,-1.7700808057704254,1.3056780083042288,-0.7886463700119744,-1.400162448209116,1.2103728620964254,-0.1028233879668304,0.6470998298396062,0.0,0.0,0.0,0.0,0.0,0.0
709,709,255,1,0.7447688001404023,0.3050593727877452,0.6290407582256203,0.0682000263979722,-0.2029389316525677,-1.1822922089470431,1.1618614500915652,-1.566688508957285,-1.7700808057704254,1.3056780083042288,-0.7886463700119744,-1.400162448209116,1.2103728620964254,-0.1028233879668304,1.2152261286172472,0.0,0.0,0.0,0.0,0.0,0.0
710,710,255,1,0.7300762538061897,0.3052175000487375,1.2632237110857072,0.5847474232284181,0.2565167529118527,-1.1822922089470431,1.1618614500915652,-1.465472873793367,-1.5464008381249523,1.03633432939524,-0.8057711012481332,-1.7714952898653895,0.810456801734254,-0.0652078844097142,-0.2036833651120589,0.0,0.0,0.0,0.0,0.0,0.0
711,711,255,1,0.7452472004627981,0.3050478493436244,4.2816134081076225,2.3926633121349785,1.864611648887324,-1.1822922089470431,2.4705821459696726,-1.465472873793367,-1.5464008381249523,1.03633432939524,-0.8057711012481332,-1.7714952898653895,0.810456801734254,-0.0652078844097142,1.2152261286172472,0.0,0.0,0.0,0.0,0.0,0.0
712,712,255,1,0.7070921382770505,0.3093029683840768,6.94678760308045,5.23367399470243,4.391617913991636,-1.1822922089470431,2.4705821459696726,-1.465472873793367,-1.5464008381249523,1.03633432939524,-0.8057711012481332,-1.7714952898653895,0.810456801734254,-0.0652078844097142,1.2152261286172472,0.0,0.0,0.0,0.0,0.0,0.0
713,713,255,1,0.7123263555118191,0.3085121574814792,0.2878663109590268,-0.1900736720172506,-0.4326667739347779,-1.1822922089470431,-0.1468592457865423,-1.465472873793367,-1.5464008381249523,1.03633432939524,-0.8057711012481332,-1.7714952898653895,0.810456801734254,-0.0652078844097142,0.9733505756723108,0.0,0.0,0.0,0.0,0.0,0.0
714,714,255,1,0.705815701024071,0.3094992161294081,-0.0011284778080202,-0.4483473704324735,-0.6623946162169881,-1.1822922089470431,-0.1468592457865423,-1.465472873793367,-1.5464008381249523,1.03633432939524,-0.8057711012481332,-1.7714952898653895,0.810456801734254,-0.0652078844097142,-0.3738400041023921,0.0,0.0,0.0,0.0,0.0,0.0
715,715,255,1,0.719894667786474,0.3078691725792183,1.5803151875157493,0.843021121643641,0.4862445951940629,0.1037740961307769,1.1618614500915652,-1.465472873793367,-1.5464008381249523,1.03633432939524,-0.8057711012481332,-1.7714952898653895,0.810456801734254,-0.0652078844097142,0.6442873234100142,0.0,0.0,0.0,0.0,0.0,0.0
716,716,255,1,0.6979453925539155,0.3108872091538482,-0.3101923770399126,-0.4483473704324735,-0.6623946162169881,0.1037740961307769,-0.1468592457865423,-1.465472873793367,-1.5464008381249523,1.03633432939524,-0.8057711012481332,-1.7714952898653895,0.810456801734254,-0.0652078844097142,-0.3780587637467807,0.0,0.0,0.0,0.0,0.0,0.0
717,717,255,1,0.8724502989308065,0.33054242187524,-0.4787726465631471,-0.1900736720172506,-0.4326667739347779,-1.1822922089470431,-1.4555799416646498,-1.6679041441212028,-1.5464008381249523,0.7221000373347534,-0.5831495951780985,-0.657496764896569,-0.7892074397144313,-0.1028233879668304,1.2152261286172472,0.0,0.0,0.0,0.0,0.0,0.0
718,718,255,1,0.7085967504332997,0.3090871657032691,1.2832926780052938,0.0682000263979722,-0.2029389316525677,-1.1822922089470431,1.1618614500915652,-1.465472873793367,-1.5464008381249523,1.03633432939524,-0.8057711012481332,-1.7714952898653895,0.810456801734254,-0.0652078844097142,1.2152261286172472,0.0,0.0,0.0,0.0,0.0,0.0
719,719,255,1,-0.2827869647170228,0.523863677993571,-0.2901232665750675,0.0682000263979722,0.7159724374762731,1.3898404012085974,1.1618614500915652,-0.4027087045722299,0.1311989192160942,1.4403498477587229,-1.4393861569859074,0.4565017600722513,-0.5892494095333457,-0.1028233879668304,1.2152261286172472,0.0,0.0,0.0,0.0,0.0,0.0
720,720,255,1,-2.098278031227536,0.7231637392358313,-0.3061785645166274,0.0682000263979722,-0.2029389316525677,1.3898404012085974,-1.4555799416646498,0.7106632822308662,1.3614387412661952,0.9016624899407456,0.6669557850613032,-0.2861639232402956,1.2103728620964254,-0.1028233879668304,1.2152261286172472,0.0,0.0,0.0,0.0,0.0,0.0
721,721,255,1,-2.084252369190434,0.7237964810766508,-0.3382890647029086,0.0682000263979722,-0.2029389316525677,0.1037740961307769,-1.4555799416646498,0.7106632822308662,1.3614387412661952,0.9016624899407456,0.6669557850613032,-0.2861639232402956,1.2103728620964254,-0.1028233879668304,0.714599984149821,0.0,0.0,0.0,0.0,0.0,0.0
722,722,255,1,-2.0343342196386316,0.6282144008278286,-0.4908140841330025,0.3264737248131952,0.2565167529118527,1.3898404012085974,-0.1468592457865423,0.3564085591571537,0.9699987978866176,1.3056780083042288,0.5984568601166739,-1.400162448209116,-0.1893333491711743,-0.1028233879668304,0.2083488268232102,0.0,0.0,0.0,0.0,0.0,0.0
723,723,255,1,-2.1032533945804475,0.7228857797958251,-0.6192562284233856,-0.4483473704324735,-0.4326667739347779,1.3898404012085974,-1.4555799416646498,0.7106632822308662,1.3614387412661952,0.9016624899407456,0.6669557850613032,-0.2861639232402956,1.2103728620964254,-0.1028233879668304,-0.3007148369329926,0.0,0.0,0.0,0.0,0.0,0.0
724,724,255,1,-2.061170464417038,0.7196519987396001,0.2156175898430553,0.5847474232284181,0.4862445951940629,0.1037740961307769,-0.1468592457865423,0.761271099812825,1.4173587331775634,0.8118812636377496,0.7012052475336148,0.4565017600722513,1.2103728620964254,-0.1028233879668304,0.1324111532242185,0.0,0.0,0.0,0.0,0.0,0.0
725,725,255,1,-2.0874362719372774,0.7236797334559105,-0.193791670319385,-0.4483473704324735,-0.4326667739347779,0.1037740961307769,-1.4555799416646498,0.761271099812825,1.4173587331775634,0.8118812636377496,0.7012052475336148,0.4565017600722513,1.2103728620964254,-0.1028233879668304,0.0353796814032848,0.0,0.0,0.0,0.0,0.0,0.0
726,726,255,1,-2.080786411584174,0.7240118763629705,-0.755725973836129,-0.4483473704324735,-0.6623946162169881,0.1037740961307769,-1.4555799416646498,0.761271099812825,1.4173587331775634,0.8118812636377496,0.7012052475336148,0.4565017600722513,1.2103728620964254,-0.1028233879668304,0.6260060316176642,0.0,0.0,0.0,0.0,0.0,0.0
727,727,255,1,-2.0733350629153953,0.7242671381100115,-0.4587035839467214,0.5847474232284181,0.2565167529118527,0.1037740961307769,-0.1468592457865423,0.761271099812825,1.4173587331775634,0.8118812636377496,0.7012052475336148,0.4565017600722513,1.2103728620964254,-0.1028233879668304,0.3785054658135435,0.0,0.0,0.0,0.0,0.0,0.0
728,728,255,1,-2.084859045992061,0.7237854232262316,-0.518910819644418,-0.4483473704324735,-0.4326667739347779,0.1037740961307769,-1.4555799416646498,0.761271099812825,1.4173587331775634,0.8118812636377496,0.7012052475336148,0.4565017600722513,1.2103728620964254,-0.1028233879668304,-0.2908710644294198,0.0,0.0,0.0,0.0,0.0,0.0
729,729,255,1,-1.492869997109133,0.6643340544325964,0.637068383272191,1.3595685184740869,0.9457002797584834,1.3898404012085974,-0.1468592457865423,0.3564085591571537,0.9699987978866176,1.3505686214557266,0.6498310538251443,0.4565017600722513,-1.7889975906198596,-0.0790826667590213,1.2152261286172472,0.0,0.0,0.0,0.0,0.0,0.0
730,730,255,1,-1.664929788892363,0.6231454239965364,0.4323636574941309,0.843021121643641,0.4862445951940629,1.3898404012085974,-0.1468592457865423,0.4070163767391127,1.025918789797986,1.4403498477587229,0.5470826664082095,0.4565017600722513,-0.1893333491711743,-0.1028233879668304,0.5599121305222454,0.0,0.0,0.0,0.0,0.0,0.0
731,731,255,1,-1.6598901914280282,0.6221276943634959,-0.6393252910398112,-0.4483473704324735,-0.6623946162169881,1.3898404012085974,-1.4555799416646498,0.4070163767391127,1.025918789797986,1.4403498477587229,0.5470826664082095,0.4565017600722513,-0.1893333491711743,-0.1028233879668304,-0.3682149912432078,0.0,0.0,0.0,0.0,0.0,0.0
732,732,255,1,-1.5051904831674534,0.6658481651510237,0.5407366913196683,1.101294820058864,0.7159724374762731,1.3898404012085974,-0.1468592457865423,0.5588398294849894,1.1936787655320906,1.0812249425467382,0.6669557850613032,0.4565017600722513,-0.38929137935226,-0.0790826667590213,1.2152261286172472,0.0,0.0,0.0,0.0,0.0,0.0
733,733,255,1,-1.4947841736295624,0.6645862316213631,-0.595173305435255,-0.4483473704324735,-0.6623946162169881,1.3898404012085974,-1.4555799416646498,0.5588398294849894,1.1936787655320906,1.0812249425467382,0.6669557850613032,0.4565017600722513,-0.38929137935226,-0.0790826667590213,1.2152261286172472,0.0,0.0,0.0,0.0,0.0,0.0
734,734,255,1,-2.1848727079406403,0.7207456201460429,0.3520873113315892,-0.7066210688476964,0.4862445951940629,1.3898404012085974,-0.1468592457865423,0.7106632822308662,1.3614387412661952,0.8118812636377496,0.6840805162974559,0.4565017600722513,1.0104148319153397,-0.1028233879668304,1.2152261286172472,0.0,0.0,0.0,0.0,0.0,0.0
735,735,255,1,-1.8824220800702347,0.5856168838499576,-0.6312976659932409,-0.4483473704324735,-0.6623946162169881,0.1037740961307769,-1.4555799416646498,0.4576241943210716,1.0818387817093542,1.3056780083042288,0.5470826664082095,0.0851689184159778,0.210582711190997,-0.1028233879668304,-0.3808712701763728,0.0,0.0,0.0,0.0,0.0,0.0
736,736,255,1,-1.8025740942364097,0.6999190900692124,-0.6513667286096666,-0.1900736720172506,-0.2029389316525677,0.1037740961307769,-1.4555799416646498,0.6094476470669483,1.2495987574434588,1.03633432939524,0.6498310538251443,-0.2861639232402956,0.6104987715531683,-0.1028233879668304,0.7202249970090058,0.0,0.0,0.0,0.0,0.0,0.0
737,737,255,1,-1.756990692615826,0.6151440798317523,-0.5229246321677031,-0.1900736720172506,-0.4326667739347779,0.1037740961307769,-1.4555799416646498,0.4576241943210716,1.0818387817093542,1.0812249425467382,0.2388375041573987,0.4565017600722513,-0.1893333491711743,-0.1028233879668304,1.2152261286172472,0.0,0.0,0.0,0.0,0.0,0.0
738,738,255,1,-1.7588575084630569,0.6146396672550081,-0.2379437037723606,0.3264737248131952,0.0267889106296424,1.3898404012085974,-1.4555799416646498,0.5588398294849894,1.1936787655320906,0.8567718767892477,0.2730869666297104,0.4565017600722513,0.0106246810099113,-0.1028233879668304,-0.383683776605965,0.0,0.0,0.0,0.0,0.0,0.0
739,739,255,1,-1.7570602955485033,0.615217818234285,-1.0808450992369525,0.843021121643641,0.4862445951940629,1.3898404012085974,-0.1468592457865423,0.5588398294849894,1.1936787655320906,0.8567718767892477,0.2730869666297104,0.4565017600722513,0.0106246810099113,-0.1028233879668304,1.2152261286172472,0.0,0.0,0.0,0.0,0.0,0.0
740,740,255,1,-1.6917788804930536,0.6536996614854075,0.3400458737617342,0.5847474232284181,0.2565167529118527,1.3898404012085974,-1.4555799416646498,0.5082320119030305,1.1377587736207224,1.1710061688497344,0.5299579351720506,0.4565017600722513,0.210582711190997,-0.1028233879668304,0.1211611275058493,0.0,0.0,0.0,0.0,0.0,0.0
741,741,255,1,-0.6594621216456188,0.4726924857929157,0.3239906236685931,-0.4483473704324735,0.7159724374762731,1.3898404012085974,-0.1468592457865423,0.1033694712473591,0.6903988383297766,1.3056780083042288,-1.114016263498944,-0.2861639232402956,-0.38929137935226,0.1981006404900992,-0.2036833651120589,0.0,0.0,0.0,0.0,0.0,0.0
742,742,255,1,0.4913849801659123,-0.0067529778862037,0.1554103062969391,0.0682000263979722,-0.2029389316525677,0.1037740961307769,1.1618614500915652,-1.8197275968670796,-2.2174407410613712,1.0812249425467382,-1.473635619458219,-2.142828131521663,1.8102469526396825,0.2733316476043316,1.0549132621304875,0.0,0.0,0.0,0.0,0.0,0.0
743,743,255,1,0.5002164993840305,0.0021772257137755,0.0791478683545215,0.0682000263979722,-0.2029389316525677,0.1037740961307769,1.1618614500915652,-1.8197275968670796,-2.2174407410613712,1.0812249425467382,-1.473635619458219,-2.142828131521663,1.8102469526396825,0.2733316476043316,1.2152261286172472,0.0,0.0,0.0,0.0,0.0,0.0
744,744,255,1,0.4853074745071389,0.0678355987444596,0.4725017827269822,0.3264737248131952,0.0267889106296424,0.1037740961307769,1.1618614500915652,-1.465472873793367,-1.378640862390848,1.6199123003647151,-1.2338893821520376,-2.5141609731779364,-0.5892494095333457,-0.1028233879668304,-0.0293079664773376,0.0,0.0,0.0,0.0,0.0,0.0
745,745,255,1,0.4842248900501276,0.0668267735909678,-0.2901232665750675,-0.1900736720172506,-0.4326667739347779,-1.1822922089470431,-0.1468592457865423,-1.465472873793367,-1.378640862390848,1.6199123003647151,-1.2338893821520376,-2.5141609731779364,-0.5892494095333457,-0.1028233879668304,-0.2107146311860395,0.0,0.0,0.0,0.0,0.0,0.0
746,746,255,1,0.4924564434931854,-0.0120333342581398,0.1714655563900796,0.0682000263979722,-0.2029389316525677,-1.1822922089470431,1.1618614500915652,-1.7691197792851208,-2.2174407410613712,1.0812249425467382,-1.57638400687516,-2.5141609731779364,2.8100371035451106,0.160485136932983,0.6456935766248099,0.0,0.0,0.0,0.0,0.0,0.0
747,747,255,1,0.6004343682838534,0.1779781908313519,0.0430234599481162,-0.1900736720172506,-0.4326667739347779,-1.1822922089470431,-0.1468592457865423,-1.465472873793367,-1.378640862390848,1.2607873951527306,-0.737272176303504,-2.142828131521663,-0.38929137935226,-0.027592380852598,1.2152261286172472,0.0,0.0,0.0,0.0,0.0,0.0
748,748,255,1,0.5601530611381698,0.2858406541618408,1.2150577694126063,0.0682000263979722,-0.2029389316525677,-1.1822922089470431,1.1618614500915652,-1.465472873793367,-1.5464008381249523,1.2158967820012323,-0.925644219901227,-2.142828131521663,0.6104987715531683,-0.1028233879668304,0.3925679979615048,0.0,0.0,0.0,0.0,0.0,0.0
749,749,255,1,0.586028670399461,0.1775790024312264,-0.0452805112609959,-0.4483473704324735,-0.6623946162169881,-1.1822922089470431,-0.1468592457865423,-1.465472873793367,-1.434560854302216,1.2607873951527306,-0.7715216387758216,-2.5141609731779364,-0.1893333491711743,0.1228696333758667,-0.3668087380284114,0.0,0.0,0.0,0.0,0.0,0.0
750,750,255,1,0.5065112505599482,0.0578197470301832,0.2597695275991918,0.0682000263979722,-0.2029389316525677,-1.1822922089470431,-1.4555799416646498,-1.465472873793367,-1.378640862390848,1.6199123003647151,-1.285263575860502,-2.142828131521663,-0.5892494095333457,-0.1028233879668304,0.3799117190283392,0.0,0.0,0.0,0.0,0.0,0.0
751,751,255,1,0.2158603330862895,-0.2219544608278731,0.0911893059243769,-0.4483473704324735,-0.4326667739347779,-1.1822922089470431,-0.1468592457865423,-1.566688508957285,-1.6023208300363208,1.0812249425467382,-2.038751750251376,-2.5141609731779364,0.0106246810099113,-0.0652078844097142,-0.3752462573171885,0.0,0.0,0.0,0.0,0.0,0.0
752,752,255,1,0.2416216631523324,-0.1805234306707838,-0.0854186364938472,-0.4483473704324735,-0.6623946162169881,-1.1822922089470431,-0.1468592457865423,-1.566688508957285,-1.6023208300363208,1.0812249425467382,-2.038751750251376,-2.5141609731779364,0.0106246810099113,-0.0652078844097142,-0.1164956657946985,0.0,0.0,0.0,0.0,0.0,0.0
753,753,255,1,0.2424906452209072,-0.1771030629385414,0.681220225331488,-0.1900736720172506,-0.4326667739347779,-1.1822922089470431,-0.1468592457865423,-1.566688508957285,-1.6023208300363208,1.0812249425467382,-2.038751750251376,-2.5141609731779364,0.0106246810099113,-0.0652078844097142,-0.2852460515702354,0.0,0.0,0.0,0.0,0.0,0.0
754,754,255,1,0.2797366509222951,-0.1561855092929984,0.3280044361918782,-0.1900736720172506,-0.4326667739347779,-1.1822922089470431,-0.1468592457865423,-1.566688508957285,-1.7141608138590572,1.0812249425467382,-1.8161302441813476,-2.8854938148342097,0.810456801734254,-0.0652078844097142,1.1378822018034598,0.0,0.0,0.0,0.0,0.0,0.0
755,755,255,1,0.2761481691452899,-0.1581667850920239,-0.133584482470108,-0.4483473704324735,-0.6623946162169881,-1.1822922089470431,-0.1468592457865423,-1.566688508957285,-1.7700808057704254,1.0812249425467382,-1.7990055129451887,-2.5141609731779364,1.2103728620964254,0.0100231227045181,1.2152261286172472,0.0,0.0,0.0,0.0,0.0,0.0
756,756,255,1,0.2866223559233119,-0.1515703117233743,-0.2419575162956458,-0.4483473704324735,-0.6623946162169881,-1.1822922089470431,-0.1468592457865423,-1.566688508957285,-1.7700808057704254,1.0812249425467382,-1.7990055129451887,-2.5141609731779364,1.2103728620964254,0.0100231227045181,-0.383683776605965,0.0,0.0,0.0,0.0,0.0,0.0
757,757,255,1,0.1606546615744183,-0.2802118727723171,-0.1014738865869878,-0.1900736720172506,-0.4326667739347779,-1.1822922089470431,-0.1468592457865423,-1.7185119617031617,-2.0496807653272664,1.3056780083042288,-2.620992612280686,-2.8854938148342097,1.410330892277511,-0.1028233879668304,-0.2810272919258469,0.0,0.0,0.0,0.0,0.0,0.0
758,758,255,1,0.2334748603876294,-0.2108907322883621,-0.2299160787257906,-0.4483473704324735,-0.6623946162169881,-1.1822922089470431,-0.1468592457865423,-1.617296326539244,-1.7141608138590572,1.2607873951527306,-2.0216270190152175,-2.8854938148342097,0.0106246810099113,-0.027592380852598,0.2308488782599486,0.0,0.0,0.0,0.0,0.0,0.0
759,759,255,1,0.1990033848125185,-0.2266486929283876,0.0751340558312364,-0.1900736720172506,-0.4326667739347779,-1.1822922089470431,-0.1468592457865423,-1.617296326539244,-1.7141608138590572,1.2607873951527306,-2.0216270190152175,-2.8854938148342097,0.0106246810099113,0.0100231227045181,-0.3710274976728,0.0,0.0,0.0,0.0,0.0,0.0
760,760,255,1,0.26111623661042,-0.1650007694478332,-0.0131699153778756,-0.4483473704324735,-0.6623946162169881,-1.1822922089470431,-0.1468592457865423,-1.566688508957285,-1.7700808057704254,1.0812249425467382,-1.7990055129451887,-2.5141609731779364,1.2103728620964254,0.0100231227045181,0.6456935766248099,0.0,0.0,0.0,0.0,0.0,0.0
761,761,255,1,0.2643271752071457,-0.2087123357558141,0.2758248733891714,-0.1900736720172506,-0.2029389316525677,-1.1822922089470431,1.1618614500915652,-1.617296326539244,-1.7141608138590572,1.2607873951527306,-2.0216270190152175,-2.8854938148342097,0.0106246810099113,0.0100231227045181,0.8988191552881155,0.0,0.0,0.0,0.0,0.0,0.0
762,762,255,1,0.2918178409476097,-0.20157996403633,0.1273136186339432,-0.4483473704324735,-0.6623946162169881,-1.1822922089470431,-0.1468592457865423,-1.617296326539244,-1.7141608138590572,1.2607873951527306,-2.0216270190152175,-2.8854938148342097,0.0106246810099113,0.0100231227045181,-0.124933185083475,0.0,0.0,0.0,0.0,0.0,0.0
763,763,255,1,0.2634194609281001,-0.1623809900859274,0.123299806110658,-0.1900736720172506,-0.4326667739347779,-1.1822922089470431,-0.1468592457865423,-1.566688508957285,-1.7700808057704254,1.0812249425467382,-1.7990055129451887,-2.5141609731779364,1.2103728620964254,0.0100231227045181,-0.3696212444580036,0.0,0.0,0.0,0.0,0.0,0.0
764,764,255,1,0.2658062854624392,-0.1597079584443726,0.3079353735754525,-0.1900736720172506,-0.4326667739347779,-1.1822922089470431,-0.1468592457865423,-1.566688508957285,-1.7700808057704254,1.0812249425467382,-1.7990055129451887,-2.5141609731779364,1.2103728620964254,0.0100231227045181,-0.2852460515702354,0.0,0.0,0.0,0.0,0.0,0.0
765,765,255,1,0.2797366509222951,-0.1561855092929984,0.0309820223782608,-0.4483473704324735,-0.6623946162169881,-1.1822922089470431,-0.1468592457865423,-1.566688508957285,-1.7700808057704254,1.0812249425467382,-1.7990055129451887,-2.5141609731779364,1.2103728620964254,0.0100231227045181,-0.3808712701763728,0.0,0.0,0.0,0.0,0.0,0.0
766,766,255,1,0.1668286142721359,-0.2388105242137213,0.5848887247726443,-0.1900736720172506,-0.4326667739347779,-1.1822922089470431,-0.1468592457865423,-1.617296326539244,-1.7141608138590572,1.4403498477587229,-2.0045022877790646,-2.8854938148342097,0.0106246810099113,0.1228696333758667,-0.2824335451406427,0.0,0.0,0.0,0.0,0.0,0.0
767,767,255,1,0.2337682281204013,-0.2171341110333691,-0.5670766177722592,-0.4483473704324735,-0.6623946162169881,0.1037740961307769,-0.1468592457865423,-1.617296326539244,-1.7141608138590572,1.4403498477587229,-2.0045022877790646,-2.8854938148342097,0.0106246810099113,0.1228696333758667,0.2041300671788217,0.0,0.0,0.0,0.0,0.0,0.0
768,768,255,1,0.2375716544911556,-0.2161110852719711,1.4237762120171116,0.3264737248131952,0.2565167529118527,-1.1822922089470431,1.1618614500915652,-1.617296326539244,-1.7141608138590572,1.4403498477587229,-2.0045022877790646,-2.8854938148342097,0.0106246810099113,0.1228696333758667,1.2152261286172472,0.0,0.0,0.0,0.0,0.0,0.0
769,769,255,1,0.1610722791704814,-0.2411172500103421,-0.1616811701331038,-0.4483473704324735,-0.6623946162169881,-1.1822922089470431,-0.1468592457865423,-1.617296326539244,-1.7141608138590572,1.4403498477587229,-2.0045022877790646,-2.8854938148342097,0.0106246810099113,0.1228696333758667,1.2152261286172472,0.0,0.0,0.0,0.0,0.0,0.0
770,770,255,1,0.2540159705028856,-0.1690591169500403,0.8538144509232658,0.0682000263979722,-0.2029389316525677,-1.1822922089470431,1.1618614500915652,-1.617296326539244,-1.7141608138590572,1.4403498477587229,-2.0045022877790646,-2.8854938148342097,0.0106246810099113,0.1228696333758667,0.2097550800380065,0.0,0.0,0.0,0.0,0.0,0.0
771,771,255,1,0.2365134214734003,-0.1894291906014163,-0.0773910114472769,-0.4483473704324735,-0.6623946162169881,-1.1822922089470431,-0.1468592457865423,-1.617296326539244,-1.7141608138590572,1.4403498477587229,-2.0045022877790646,-2.8854938148342097,0.0106246810099113,0.1228696333758667,-0.2177458972600202,0.0,0.0,0.0,0.0,0.0,0.0
772,772,255,1,0.1504341516006163,-0.2445873198702577,0.5648195664593795,-0.1900736720172506,-0.4326667739347779,-1.1822922089470431,-0.1468592457865423,-1.6679041441212028,-1.7700808057704254,1.6199123003647151,-2.0045022877790646,-2.8854938148342097,0.210582711190997,0.160485136932983,-0.2908710644294198,0.0,0.0,0.0,0.0,0.0,0.0
773,773,255,1,0.263010663538384,-0.209160760689912,0.1915347147033445,-0.4483473704324735,-0.4326667739347779,-1.1822922089470431,-0.1468592457865423,-1.6679041441212028,-1.7700808057704254,1.6199123003647151,-2.0045022877790646,-2.8854938148342097,0.210582711190997,0.160485136932983,-0.3639962315988193,0.0,0.0,0.0,0.0,0.0,0.0
774,774,255,1,0.1304502484340102,-0.2524638849229423,-0.2138607329358107,-0.4483473704324735,-0.6623946162169881,-1.1822922089470431,-0.1468592457865423,-1.6679041441212028,-1.881920789593162,1.0812249425467382,-2.346996912502187,-2.9783270252482783,1.2103728620964254,0.160485136932983,1.2152261286172472,0.0,0.0,0.0,0.0,0.0,0.0
775,775,255,1,0.2415142867272657,-0.1807889354792663,0.0390096474248316,-0.4483473704324735,-0.4326667739347779,-1.1822922089470431,-0.1468592457865423,-1.617296326539244,-1.7141608138590572,1.2607873951527306,-2.0045022877790646,-2.8854938148342097,0.0106246810099113,0.160485136932983,-0.2697772662074778,0.0,0.0,0.0,0.0,0.0,0.0
776,776,255,1,0.2427788358760415,-0.2142835135937699,0.7293861670045875,0.843021121643641,0.4862445951940629,-1.1822922089470431,1.1618614500915652,-1.617296326539244,-1.7141608138590572,1.2607873951527306,-2.0045022877790646,-2.8854938148342097,0.0106246810099113,0.160485136932983,-0.0377454857661147,0.0,0.0,0.0,0.0,0.0,0.0
777,777,255,1,0.2438453138692926,-0.176294093881571,-0.1135153241568432,-0.4483473704324735,-0.6623946162169881,-1.1822922089470431,-0.1468592457865423,-1.617296326539244,-1.7141608138590572,1.2607873951527306,-2.0045022877790646,-2.8854938148342097,0.0106246810099113,0.160485136932983,0.1380361660834034,0.0,0.0,0.0,0.0,0.0,0.0
778,778,255,1,0.2330257968385128,-0.2017042775547253,-0.0533081363075661,-0.4483473704324735,-0.4326667739347779,-1.1822922089470431,-0.1468592457865423,-1.617296326539244,-1.7141608138590572,1.4403498477587229,-2.0045022877790646,-2.9783270252482783,0.210582711190997,-0.0652078844097142,-0.293683570859012,0.0,0.0,0.0,0.0,0.0,0.0
779,779,255,1,0.2488812682049207,-0.2125158289054697,2.519548274932862,1.6178422168893098,1.4051559643229037,-1.1822922089470431,2.4705821459696726,-1.617296326539244,-1.7141608138590572,1.4403498477587229,-2.0045022877790646,-2.9783270252482783,0.210582711190997,-0.0652078844097142,-0.1994646054676709,0.0,0.0,0.0,0.0,0.0,0.0
780,780,255,1,0.7113952485115973,0.0668090228310848,0.5567919414128096,0.3264737248131952,0.0267889106296424,-1.1822922089470431,1.1618614500915652,-1.8703354144490385,-2.2174407410613712,1.2158967820012323,-0.8400205637204449,-2.5141609731779364,1.410330892277511,0.0476386262616343,0.5514746112334689,0.0,0.0,0.0,0.0,0.0,0.0
781,781,255,1,0.6575185520035455,0.1817994347408906,1.4879974037833523,0.0682000263979722,-0.2029389316525677,-1.1822922089470431,1.1618614500915652,-1.617296326539244,-1.881920789593162,0.9465531030922438,-0.8057711012481332,-2.142828131521663,1.6102889224585968,0.160485136932983,-0.2093083779712438,0.0,0.0,0.0,0.0,0.0,0.0
782,782,255,1,0.3512899996633351,-0.107555934911549,1.2832926780052938,0.0682000263979722,-0.2029389316525677,-1.1822922089470431,1.1618614500915652,-1.566688508957285,-1.7141608138590572,1.4403498477587229,-1.6791323942920948,-2.5141609731779364,0.810456801734254,-0.1028233879668304,-0.383683776605965,0.0,0.0,0.0,0.0,0.0,0.0
783,783,255,1,0.329357789612618,-0.1316061193815892,0.0189405848084053,-0.4483473704324735,-0.6623946162169881,-1.1822922089470431,-1.4555799416646498,-1.566688508957285,-1.7141608138590572,1.4403498477587229,-1.8503797066536591,-2.5141609731779364,0.810456801734254,-0.1028233879668304,1.2152261286172472,0.0,0.0,0.0,0.0,0.0,0.0
784,784,255,1,0.3334551589469928,-0.1240163600492468,0.496584753563532,-0.1900736720172506,-0.4326667739347779,-1.1822922089470431,-0.1468592457865423,-1.566688508957285,-1.7141608138590572,1.4403498477587229,-1.8503797066536591,-2.5141609731779364,0.810456801734254,-0.1028233879668304,1.2152261286172472,0.0,0.0,0.0,0.0,0.0,0.0
785,785,255,1,0.3491440051109322,-0.1155186347990767,0.6892478503780575,-0.1900736720172506,-0.4326667739347779,-1.1822922089470431,-0.1468592457865423,-1.617296326539244,-1.7700808057704254,1.1261155556982363,-1.1825151884435672,-2.8854938148342097,0.6104987715531683,-0.027592380852598,-0.293683570859012,0.0,0.0,0.0,0.0,0.0,0.0
786,786,255,1,0.3554218828486242,-0.1118678563836289,0.2437142775060512,-0.1900736720172506,-0.4326667739347779,-1.1822922089470431,-0.1468592457865423,-1.566688508957285,-1.7700808057704254,1.2607873951527306,-1.6791323942920948,-1.400162448209116,1.410330892277511,-0.1028233879668304,0.5444433451594882,0.0,0.0,0.0,0.0,0.0,0.0
787,787,255,1,0.4055405962229613,-0.1163494285608217,0.5407366913196683,-0.1900736720172506,-0.4326667739347779,-1.1822922089470431,-0.1468592457865423,-1.6679041441212028,-1.881920789593162,1.0812249425467382,-1.6277582005836304,-2.8854938148342097,1.0104148319153397,0.0852541298187505,-0.293683570859012,0.0,0.0,0.0,0.0,0.0,0.0
788,788,255,1,0.3275444702343049,-0.1045414484888975,0.2397004649827666,0.843021121643641,0.4862445951940629,-1.1822922089470431,-0.1468592457865423,-1.566688508957285,-1.7700808057704254,1.2607873951527306,-1.6791323942920948,-1.400162448209116,1.410330892277511,-0.1028233879668304,-0.1966520990380782,0.0,0.0,0.0,0.0,0.0,0.0
789,789,255,1,0.3340192686658247,-0.1278292232721517,0.4323636574941309,-0.1900736720172506,-0.4326667739347779,-1.1822922089470431,-0.1468592457865423,-1.566688508957285,-1.7141608138590572,1.4403498477587229,-1.8503797066536591,-2.5141609731779364,0.810456801734254,-0.1028233879668304,-0.2810272919258469,0.0,0.0,0.0,0.0,0.0,0.0
790,790,255,1,0.3450194081830576,-0.0680279608115744,1.403707245097525,0.3264737248131952,0.0267889106296424,-1.1822922089470431,1.1618614500915652,-1.465472873793367,-1.0431209109226385,1.3056780083042288,-1.3537625008051315,-1.400162448209116,-1.1891235000766027,-0.0652078844097142,0.0508484667660425,0.0,0.0,0.0,0.0,0.0,0.0
791,791,255,1,0.3667761728249606,-0.1350881200801152,1.9857105394580663,0.843021121643641,0.4862445951940629,-1.1822922089470431,1.1618614500915652,-1.617296326539244,-1.7700808057704254,1.1261155556982363,-1.1825151884435672,-2.8854938148342097,0.6104987715531683,-0.027592380852598,0.2913177664961826,0.0,0.0,0.0,0.0,0.0,0.0
792,792,255,1,0.301780072270404,-0.1418634978287028,0.6772065085050416,0.0682000263979722,-0.2029389316525677,-1.1822922089470431,1.1618614500915652,-1.566688508957285,-1.7141608138590572,1.0812249425467382,-1.8161302441813476,-2.8854938148342097,0.810456801734254,-0.0652078844097142,0.1225673807206456,0.0,0.0,0.0,0.0,0.0,0.0
793,793,255,1,0.3340601100560737,-0.1284033585057503,3.5149745462822892,1.101294820058864,0.7159724374762731,-1.1822922089470431,1.1618614500915652,-1.566688508957285,-1.7141608138590572,1.4403498477587229,-1.8503797066536591,-2.5141609731779364,0.810456801734254,-0.1028233879668304,1.0549132621304875,0.0,0.0,0.0,0.0,0.0,0.0
794,794,255,1,0.3340192686658247,-0.1278292232721517,5.762711473258748,2.1343896137197556,1.634883806605114,-1.1822922089470431,2.4705821459696726,-1.566688508957285,-1.7141608138590572,1.4403498477587229,-1.8503797066536591,-2.5141609731779364,0.810456801734254,-0.1028233879668304,0.641474816980422,0.0,0.0,0.0,0.0,0.0,0.0
795,795,255,1,0.335800183373003,-0.1177147820915077,0.1313274311572283,-0.4483473704324735,-0.6623946162169881,-1.1822922089470431,-0.1468592457865423,-1.566688508957285,-1.7700808057704254,1.2607873951527306,-1.6791323942920948,-2.8854938148342097,1.2103728620964254,-0.0652078844097142,-0.1305581979426599,0.0,0.0,0.0,0.0,0.0,0.0
796,796,255,1,0.372259848504394,-0.1156238589756954,1.744881596667279,0.3264737248131952,0.0267889106296424,-1.1822922089470431,1.1618614500915652,-1.617296326539244,-1.7141608138590572,1.1261155556982363,-1.199639919679726,-2.5141609731779364,0.0106246810099113,0.0476386262616343,-0.0461830050548912,0.0,0.0,0.0,0.0,0.0,0.0
797,797,255,1,0.3728515693039571,-0.115630959279649,0.5246814412265282,-0.1900736720172506,-0.4326667739347779,-1.1822922089470431,-0.1468592457865423,-1.617296326539244,-1.7141608138590572,1.1261155556982363,-1.199639919679726,-2.5141609731779364,0.0106246810099113,0.0476386262616343,-0.3710274976728,0.0,0.0,0.0,0.0,0.0,0.0
798,798,255,1,0.3968340938425998,-0.1126955073878869,0.9300769845625224,0.0682000263979722,-0.2029389316525677,-1.1822922089470431,1.1618614500915652,-1.566688508957285,-1.658240821947689,1.3056780083042288,-1.1825151884435672,-0.657496764896569,0.210582711190997,-0.0790826667590213,0.4699119247752923,0.0,0.0,0.0,0.0,0.0,0.0
799,799,255,1,0.3466825923098938,-0.0717906563131048,0.2397004649827666,-0.1900736720172506,-0.4326667739347779,-1.1822922089470431,-0.1468592457865423,-1.465472873793367,-1.0431209109226385,1.3056780083042288,-1.3537625008051315,-1.400162448209116,-1.1891235000766027,-0.0652078844097142,-0.2866523047850313,0.0,0.0,0.0,0.0,0.0,0.0
800,800,255,1,0.3665641043854539,-0.1323884331991287,0.3561011238548742,-0.1900736720172506,-0.4326667739347779,-1.1822922089470431,-0.1468592457865423,-1.617296326539244,-1.7141608138590572,1.1261155556982363,-1.199639919679726,-2.5141609731779364,0.0106246810099113,0.0476386262616343,0.1338174064390148,0.0,0.0,0.0,0.0,0.0,0.0
801,801,255,1,0.3349912170562941,-0.1199935140668049,-0.0653495738774215,-0.4483473704324735,-0.6623946162169881,-1.1822922089470431,-0.1468592457865423,-1.617296326539244,-1.7141608138590572,1.1261155556982363,-1.1825151884435672,-2.142828131521663,0.210582711190997,0.0476386262616343,-0.2754022790666621,0.0,0.0,0.0,0.0,0.0,0.0
802,802,255,1,0.3385666602673986,-0.1171828412871397,0.1513964937736542,-0.1900736720172506,-0.4326667739347779,-1.1822922089470431,-0.1468592457865423,-1.566688508957285,-1.7700808057704254,1.2607873951527306,-1.6791323942920948,-2.8854938148342097,1.2103728620964254,-0.0652078844097142,0.8031939366819781,0.0,0.0,0.0,0.0,0.0,0.0
803,803,255,1,0.3651275612129548,-0.1229622559082499,1.070560518574341,-0.1900736720172506,-0.4326667739347779,-1.1822922089470431,-0.1468592457865423,-1.617296326539244,-1.7141608138590572,1.1261155556982363,-1.1825151884435672,-2.142828131521663,0.210582711190997,0.0476386262616343,1.2152261286172472,0.0,0.0,0.0,0.0,0.0,0.0
804,804,255,1,0.366609355878875,-0.1264256328587016,0.3480734988083039,-0.1900736720172506,-0.4326667739347779,-1.1822922089470431,-0.1468592457865423,-1.617296326539244,-1.7141608138590572,1.1261155556982363,-1.1825151884435672,-2.142828131521663,0.210582711190997,0.0476386262616343,0.5472558515890804,0.0,0.0,0.0,0.0,0.0,0.0
805,805,255,1,0.3340673963134896,-0.1174874559665776,0.3239906236685931,-0.1900736720172506,-0.4326667739347779,-1.1822922089470431,-0.1468592457865423,-1.566688508957285,-1.7700808057704254,1.2607873951527306,-1.6791323942920948,-2.8854938148342097,1.2103728620964254,-0.0652078844097142,1.2152261286172472,0.0,0.0,0.0,0.0,0.0,0.0
806,806,255,1,0.361596794264423,-0.1151638523982642,0.7655103840173145,-0.1900736720172506,-0.4326667739347779,-1.1822922089470431,-0.1468592457865423,-1.617296326539244,-1.7141608138590572,1.1261155556982363,-1.1825151884435672,-2.142828131521663,0.210582711190997,0.0476386262616343,-0.3794650169615765,0.0,0.0,0.0,0.0,0.0,0.0
807,807,255,1,0.371545220046851,-0.1196538052620899,1.1066847355870686,0.0682000263979722,-0.2029389316525677,-1.1822922089470431,1.1618614500915652,-1.617296326539244,-1.7141608138590572,1.1261155556982363,-1.1825151884435672,-2.142828131521663,0.210582711190997,0.0476386262616343,1.2152261286172472,0.0,0.0,0.0,0.0,0.0,0.0
808,808,255,1,0.4032335370329576,-0.1310830248575564,0.1032307434942325,-0.4483473704324735,-0.6623946162169881,-1.1822922089470431,-0.1468592457865423,-1.6679041441212028,-1.9378407815045304,1.0812249425467382,-1.6277582005836304,-2.5141609731779364,1.410330892277511,0.2733316476043316,0.0438172006920618,0.0,0.0,0.0,0.0,0.0,0.0
809,809,255,1,0.3366808618021659,-0.1315994264721254,3.398573887410181,1.101294820058864,0.7159724374762731,-1.1822922089470431,1.1618614500915652,-1.566688508957285,-1.7141608138590572,1.4403498477587229,-1.8503797066536591,-2.5141609731779364,0.810456801734254,-0.1028233879668304,1.2152261286172472,0.0,0.0,0.0,0.0,0.0,0.0
810,810,255,1,0.3536862196348684,-0.1200547978378122,-1.0808450992369525,-0.7066210688476964,-0.2029389316525677,0.1037740961307769,-1.4555799416646498,-1.617296326539244,-1.7141608138590572,1.1261155556982363,-1.1825151884435672,-2.142828131521663,0.210582711190997,0.0476386262616343,1.2152261286172472,0.0,0.0,0.0,0.0,0.0,0.0
811,811,255,1,0.3611667133333077,-0.1187475853206448,0.3882117197379945,0.5847474232284181,0.7159724374762731,1.3898404012085974,-0.1468592457865423,-1.617296326539244,-1.7141608138590572,1.1261155556982363,-1.1825151884435672,-2.142828131521663,0.210582711190997,0.0476386262616343,0.5655371433814302,0.0,0.0,0.0,0.0,0.0,0.0
812,812,255,1,0.364926422159572,-0.1209934347407489,-0.1817502327495296,-0.1900736720172506,-0.4326667739347779,-1.1822922089470431,-0.1468592457865423,-1.617296326539244,-1.7141608138590572,1.1261155556982363,-1.1825151884435672,-2.142828131521663,0.210582711190997,0.0476386262616343,-0.2922773176442161,0.0,0.0,0.0,0.0,0.0,0.0
813,813,255,1,0.3340000943042064,-0.1287892192861617,3.322311545164603,1.101294820058864,0.7159724374762731,-1.1822922089470431,1.1618614500915652,-1.617296326539244,-1.8260007976817936,1.6199123003647151,-1.8503797066536591,-2.8854938148342097,1.2103728620964254,-0.1028233879668304,0.055067226410431,0.0,0.0,0.0,0.0,0.0,0.0
814,814,255,1,0.351957075704063,-0.1157330988979933,5.610186788767591,1.8761159153045328,1.4051559643229037,-1.1822922089470431,2.4705821459696726,-1.617296326539244,-1.7141608138590572,1.1261155556982363,-1.1825151884435672,-2.142828131521663,0.210582711190997,0.0476386262616343,0.136629912868607,0.0,0.0,0.0,0.0,0.0,0.0
815,815,255,1,0.354568432012961,-0.1209641605367452,-0.8480437575685263,-0.7066210688476964,-0.6623946162169881,1.3898404012085974,-1.4555799416646498,-1.617296326539244,-1.7141608138590572,1.1261155556982363,-1.1825151884435672,-2.142828131521663,0.210582711190997,0.0476386262616343,-0.3696212444580036,0.0,0.0,0.0,0.0,0.0,0.0
816,816,255,1,0.3766185643876359,-0.1155683369267498,0.496584753563532,-0.1900736720172506,-0.4326667739347779,-1.1822922089470431,-0.1468592457865423,-1.617296326539244,-1.7141608138590572,1.1261155556982363,-1.1825151884435672,-2.142828131521663,0.210582711190997,0.0476386262616343,-0.2964960772886046,0.0,0.0,0.0,0.0,0.0,0.0
817,817,255,1,0.3502112500786474,-0.1189345211919393,-0.6393252910398112,-0.4483473704324735,-0.6623946162169881,0.1037740961307769,-1.4555799416646498,-1.617296326539244,-1.7141608138590572,1.1261155556982363,-1.1825151884435672,-2.142828131521663,0.210582711190997,0.0476386262616343,0.1394424192981992,0.0,0.0,0.0,0.0,0.0,0.0
818,818,255,1,0.3541975998592489,-0.1188581638248354,-0.547007507307414,-0.4483473704324735,-0.6623946162169881,0.1037740961307769,-1.4555799416646498,-1.617296326539244,-1.7141608138590572,1.1261155556982363,-1.199639919679726,-2.5141609731779364,0.0106246810099113,0.0476386262616343,1.2152261286172472,0.0,0.0,0.0,0.0,0.0,0.0
819,819,255,1,0.3391217580362705,-0.1170656280726987,0.1955485272266294,-0.1900736720172506,-0.4326667739347779,0.1037740961307769,-0.1468592457865423,-1.617296326539244,-1.8260007976817936,1.4403498477587229,-1.6962571255282537,-2.5141609731779364,1.2103728620964254,-0.027592380852598,1.2152261286172472,0.0,0.0,0.0,0.0,0.0,0.0
820,820,255,1,0.3344704413947208,-0.1219063475916587,0.833745292610001,-0.1900736720172506,-0.4326667739347779,-1.1822922089470431,-0.1468592457865423,-1.617296326539244,-1.7141608138590572,1.1261155556982363,-1.1653904572074083,-2.5141609731779364,0.0106246810099113,0.1228696333758667,0.3039740454293476,0.0,0.0,0.0,0.0,0.0,0.0
821,821,255,1,0.3404296412423063,-0.1121537891157799,0.5608058496329342,0.3264737248131952,0.0267889106296424,0.1037740961307769,-1.4555799416646498,-1.617296326539244,-1.8260007976817936,1.4403498477587229,-1.6962571255282537,-2.5141609731779364,1.2103728620964254,-0.027592380852598,-0.11227690615031,0.0,0.0,0.0,0.0,0.0,0.0
822,822,255,1,0.3544974868749725,-0.1258950306362264,0.3320182487151634,0.0682000263979722,-0.2029389316525677,0.1037740961307769,1.1618614500915652,-1.617296326539244,-1.7141608138590572,1.1261155556982363,-1.1825151884435672,-2.142828131521663,0.210582711190997,0.0476386262616343,0.3095990582885324,0.0,0.0,0.0,0.0,0.0,0.0
823,823,255,1,0.3666613183988636,-0.1282079837486104,0.6611512584119017,-0.1900736720172506,-0.2029389316525677,-1.1822922089470431,-0.1468592457865423,-1.617296326539244,-1.7141608138590572,1.1261155556982363,-1.1825151884435672,-2.142828131521663,0.210582711190997,0.0476386262616343,1.2152261286172472,0.0,0.0,0.0,0.0,0.0,0.0
824,824,255,1,0.3844215708485081,-0.1228494658339761,-0.1857640452728148,-0.1900736720172506,-0.4326667739347779,-1.1822922089470431,-0.1468592457865423,-1.617296326539244,-1.7141608138590572,1.1261155556982363,-1.1653904572074083,-2.5141609731779364,0.0106246810099113,0.1228696333758667,-0.302121090147789,0.0,0.0,0.0,0.0,0.0,0.0
825,825,255,1,0.3342365141829691,-0.1099656733147062,0.9260630763423984,0.0682000263979722,-0.2029389316525677,-1.1822922089470431,1.1618614500915652,-1.617296326539244,-1.8260007976817936,1.4403498477587229,-1.6962571255282537,-2.5141609731779364,1.2103728620964254,-0.027592380852598,1.2152261286172472,0.0,0.0,0.0,0.0,0.0,0.0
826,826,255,1,0.355837391264909,-0.1239501875443708,0.1433688687270837,0.0682000263979722,-0.2029389316525677,-1.1822922089470431,1.1618614500915652,-1.617296326539244,-1.7141608138590572,1.1261155556982363,-1.1653904572074083,-2.5141609731779364,0.0106246810099113,0.1228696333758667,0.2969427793553669,0.0,0.0,0.0,0.0,0.0,0.0
827,827,255,1,0.3602363733075515,-0.1170682470372717,1.6927019381677326,0.3264737248131952,0.0267889106296424,-1.1822922089470431,1.1618614500915652,-1.617296326539244,-1.7141608138590572,1.1261155556982363,-1.1653904572074083,-2.5141609731779364,0.0106246810099113,0.1228696333758667,0.1295986467946263,0.0,0.0,0.0,0.0,0.0,0.0
828,828,255,1,0.3408574212500263,-0.1167170729876477,-0.0894324490171325,-0.4483473704324735,-0.6623946162169881,-1.1822922089470431,-0.1468592457865423,-1.6679041441212028,-1.881920789593162,1.6199123003647151,-1.6962571255282537,-2.142828131521663,1.2103728620964254,-0.027592380852598,-0.1221206786538829,0.0,0.0,0.0,0.0,0.0,0.0
829,829,255,1,0.349394805760911,-0.1155781143944888,3.0373305689208405,0.843021121643641,0.4862445951940629,-1.1822922089470431,1.1618614500915652,-1.617296326539244,-1.7141608138590572,1.1261155556982363,-1.1825151884435672,-2.142828131521663,0.210582711190997,0.0476386262616343,1.2152261286172472,0.0,0.0,0.0,0.0,0.0,0.0
830,830,255,1,0.3429443587686445,-0.1073152811669039,0.3199768111453079,-0.1900736720172506,-0.4326667739347779,-1.1822922089470431,-0.1468592457865423,-1.617296326539244,-1.881920789593162,1.4403498477587229,-1.6962571255282537,-2.142828131521663,1.410330892277511,-0.027592380852598,-0.293683570859012,0.0,0.0,0.0,0.0,0.0,0.0
831,831,255,1,0.3578058312287209,-0.1151358585769406,0.1192859935873729,-0.1900736720172506,-0.4326667739347779,-1.1822922089470431,-0.1468592457865423,-1.617296326539244,-1.7141608138590572,1.1261155556982363,-1.1653904572074083,-2.5141609731779364,0.0106246810099113,0.1228696333758667,1.2152261286172472,0.0,0.0,0.0,0.0,0.0,0.0
832,832,255,1,0.3312756092617554,-0.1599539665165895,0.0952031184476619,-0.4483473704324735,-0.2029389316525677,0.1037740961307769,-1.4555799416646498,-1.6679041441212028,-1.7700808057704254,1.4403498477587229,-1.3023883070966609,-2.8854938148342097,0.0106246810099113,0.3861781582756803,1.2152261286172472,0.0,0.0,0.0,0.0,0.0,0.0
833,833,255,1,0.3340673963134896,-0.1174874559665776,-0.1054876991102731,-0.4483473704324735,-0.6623946162169881,0.1037740961307769,-0.1468592457865423,-1.6679041441212028,-1.881920789593162,1.6199123003647151,-1.6962571255282537,-2.142828131521663,1.2103728620964254,-0.027592380852598,1.2152261286172472,0.0,0.0,0.0,0.0,0.0,0.0
834,834,255,1,0.3345597939198662,-0.1148765810842204,0.2236452148896255,-0.1900736720172506,-0.4326667739347779,-1.1822922089470431,-0.1468592457865423,-1.617296326539244,-1.881920789593162,1.4403498477587229,-1.6962571255282537,-2.5141609731779364,1.410330892277511,-0.0652078844097142,-0.3794650169615765,0.0,0.0,0.0,0.0,0.0,0.0
835,835,255,1,0.3347484696381981,-0.1183696978323774,0.0028853347152648,-0.1900736720172506,-0.4326667739347779,0.1037740961307769,-0.1468592457865423,-1.617296326539244,-1.881920789593162,1.4403498477587229,-1.6962571255282537,-2.142828131521663,1.410330892277511,-0.027592380852598,0.5613183837370418,0.0,0.0,0.0,0.0,0.0,0.0
836,836,255,1,0.3352546727849409,-0.1303512861558804,0.1072445560175175,-0.4483473704324735,-0.6623946162169881,-1.1822922089470431,-0.1468592457865423,-1.566688508957285,-1.7141608138590572,1.4403498477587229,-1.8503797066536591,-2.5141609731779364,0.810456801734254,-0.1028233879668304,1.2152261286172472,0.0,0.0,0.0,0.0,0.0,0.0
837,837,255,1,0.3542927046928791,-0.1258475400786373,-0.3021647041449228,-0.4483473704324735,-0.6623946162169881,0.1037740961307769,-0.1468592457865423,-1.617296326539244,-1.7141608138590572,1.1261155556982363,-1.1825151884435672,-2.8854938148342097,0.210582711190997,0.1228696333758667,-0.2908710644294198,0.0,0.0,0.0,0.0,0.0,0.0
838,838,255,1,0.3570860256935417,-0.1153681316349528,-0.0252113529477311,-0.4483473704324735,-0.6623946162169881,-1.1822922089470431,-0.1468592457865423,-1.617296326539244,-1.7141608138590572,1.1261155556982363,-1.1825151884435672,-2.8854938148342097,0.210582711190997,0.1228696333758667,-0.3766525105319843,0.0,0.0,0.0,0.0,0.0,0.0
839,839,255,1,0.3648802119480696,-0.1195019635160734,0.7374137920511578,-0.1900736720172506,-0.4326667739347779,-1.1822922089470431,-0.1468592457865423,-1.617296326539244,-1.7141608138590572,1.1261155556982363,-1.1825151884435672,-2.8854938148342097,0.210582711190997,0.1228696333758667,1.2152261286172472,0.0,0.0,0.0,0.0,0.0,0.0
840,840,255,1,0.3746487822185113,-0.1156038966457284,-0.109501511633558,-0.4483473704324735,-0.6623946162169881,-1.1822922089470431,-0.1468592457865423,-1.617296326539244,-1.7141608138590572,1.1261155556982363,-1.1825151884435672,-2.8854938148342097,0.210582711190997,0.1228696333758667,0.1295986467946263,0.0,0.0,0.0,0.0,0.0,0.0
841,841,255,1,0.32414619812456,-0.1247747539903536,0.1192859935873729,0.0682000263979722,0.0267889106296424,0.1037740961307769,-1.4555799416646498,-1.617296326539244,-1.8260007976817936,1.6199123003647151,-1.8503797066536591,-2.8854938148342097,1.2103728620964254,-0.1028233879668304,0.0522547199808383,0.0,0.0,0.0,0.0,0.0,0.0
842,842,255,1,0.3654573602328036,-0.1199291457375241,1.122739985680209,0.3264737248131952,0.0267889106296424,-1.1822922089470431,1.1618614500915652,-1.617296326539244,-1.7141608138590572,1.1261155556982363,-1.1825151884435672,-2.142828131521663,0.210582711190997,0.0476386262616343,1.2152261286172472,0.0,0.0,0.0,0.0,0.0,0.0
843,843,255,1,0.904391142259436,0.2780138494360427,-0.0894324490171325,-0.7066210688476964,-0.4326667739347779,0.1037740961307769,-1.4555799416646498,-1.617296326539244,-1.7700808057704254,0.8118812636377496,-0.6173990576504101,-0.657496764896569,0.6104987715531683,-0.1028233879668304,1.2152261286172472,0.0,0.0,0.0,0.0,0.0,0.0
844,844,255,1,0.9044912324270868,0.280734371635185,-0.133584482470108,-0.7066210688476964,-0.2029389316525677,0.1037740961307769,-1.4555799416646498,-1.566688508957285,-1.658240821947689,0.6772094241832552,-0.4804012077611637,0.4565017600722513,0.6104987715531683,-0.1028233879668304,1.2152261286172472,0.0,0.0,0.0,0.0,0.0,0.0
845,845,255,1,0.905041344861938,0.2839868928379103,-0.1777364202262445,-0.7066210688476964,-0.2029389316525677,0.1037740961307769,-1.4555799416646498,-1.566688508957285,-1.658240821947689,0.6772094241832552,-0.4804012077611637,0.4565017600722513,0.6104987715531683,-0.1028233879668304,1.2152261286172472,0.0,0.0,0.0,0.0,0.0,0.0
846,846,255,1,0.8948018522701334,0.2820265105562557,-0.1054876991102731,-0.4483473704324735,0.0267889106296424,0.1037740961307769,-1.4555799416646498,-1.566688508957285,-1.7141608138590572,0.4976469715772629,-0.5317754014696342,0.4565017600722513,1.0104148319153397,-0.1028233879668304,0.7258500098681901,0.0,0.0,0.0,0.0,0.0,0.0
847,847,255,1,0.90621750020365,0.2773748802794609,-0.6312976659932409,-0.7066210688476964,-0.6623946162169881,0.1037740961307769,-1.4555799416646498,-1.617296326539244,-1.7700808057704254,0.8118812636377496,-0.6173990576504101,-0.657496764896569,0.6104987715531683,-0.1028233879668304,-0.3766525105319843,0.0,0.0,0.0,0.0,0.0,0.0
848,848,255,1,0.9044795360665,0.2803107977649261,0.1594241188202242,-0.7066210688476964,-0.2029389316525677,0.1037740961307769,-1.4555799416646498,-1.566688508957285,-1.658240821947689,0.6772094241832552,-0.4804012077611637,0.4565017600722513,0.6104987715531683,-0.1028233879668304,1.2152261286172472,0.0,0.0,0.0,0.0,0.0,0.0
849,849,255,1,0.9045219114056776,0.2814026731949848,0.1433688687270837,-0.7066210688476964,-0.2029389316525677,0.1037740961307769,-1.4555799416646498,-1.566688508957285,-1.658240821947689,0.6772094241832552,-0.4804012077611637,0.4565017600722513,0.6104987715531683,-0.1028233879668304,0.5655371433814302,0.0,0.0,0.0,0.0,0.0,0.0
850,850,255,1,0.8738868421033084,0.2835343939589215,0.7614966671908693,-0.7066210688476964,0.2565167529118527,0.1037740961307769,-0.1468592457865423,-1.566688508957285,-1.658240821947689,0.6772094241832552,-0.4804012077611637,0.4565017600722513,0.6104987715531683,-0.1028233879668304,-0.0279017132625413,0.0,0.0,0.0,0.0,0.0,0.0
851,851,255,1,0.8912271760334932,0.2831849658856817,0.0630925225645419,0.0682000263979722,0.2565167529118527,0.1037740961307769,-0.1468592457865423,-1.566688508957285,-1.658240821947689,0.6772094241832552,-0.4804012077611637,0.4565017600722513,0.6104987715531683,-0.1028233879668304,0.1310049000094227,0.0,0.0,0.0,0.0,0.0,0.0
852,852,255,1,0.8793507681902708,0.2832768624425839,-0.6112286033768153,-0.4483473704324735,-0.6623946162169881,0.1037740961307769,-1.4555799416646498,-1.566688508957285,-1.658240821947689,0.6772094241832552,-0.4804012077611637,0.4565017600722513,0.6104987715531683,-0.1028233879668304,1.1421009614478477,0.0,0.0,0.0,0.0,0.0,0.0
853,853,255,1,0.8819972135809317,0.2774322065040016,0.3280044361918782,-0.7066210688476964,0.2565167529118527,0.1037740961307769,-0.1468592457865423,-1.566688508957285,-1.658240821947689,0.6772094241832552,-0.4804012077611637,0.4565017600722513,0.6104987715531683,-0.1028233879668304,0.4685056715604965,0.0,0.0,0.0,0.0,0.0,0.0
854,854,255,1,0.9127266207424696,0.2765228438050686,0.5648195664593795,-0.4483473704324735,0.2565167529118527,0.1037740961307769,-0.1468592457865423,-1.566688508957285,-1.658240821947689,0.8118812636377496,-0.6516485201227279,-0.657496764896569,0.6104987715531683,-0.1028233879668304,0.1352236596538107,0.0,0.0,0.0,0.0,0.0,0.0
855,855,255,1,0.9045731069512032,0.2823683727318404,-0.559048992725689,-0.7066210688476964,-0.6623946162169881,0.1037740961307769,-1.4555799416646498,-1.566688508957285,-1.658240821947689,0.6772094241832552,-0.4804012077611637,0.4565017600722513,0.6104987715531683,-0.1028233879668304,0.0480359603364503,0.0,0.0,0.0,0.0,0.0,0.0
856,856,255,1,0.8983113356772701,0.2836400837292426,-0.6032009304818254,-0.7066210688476964,-0.4326667739347779,1.3898404012085974,-1.4555799416646498,-1.5160806913753262,-1.658240821947689,0.542537584728761,-0.5317754014696342,0.0851689184159778,0.810456801734254,-0.1028233879668304,0.8946003956437271,0.0,0.0,0.0,0.0,0.0,0.0
857,857,255,1,0.904341288919227,0.2768789065885612,-0.5068693820745626,-0.7066210688476964,-0.6623946162169881,0.1037740961307769,-1.4555799416646498,-1.566688508957285,-1.658240821947689,0.8118812636377496,-0.6516485201227279,-0.657496764896569,0.6104987715531683,-0.1028233879668304,-0.3752462573171885,0.0,0.0,0.0,0.0,0.0,0.0
858,858,255,1,0.9044971764791888,0.2808853403930136,1.0585189853076469,-0.7066210688476964,0.4862445951940629,0.1037740961307769,-0.1468592457865423,-1.566688508957285,-1.658240821947689,0.6772094241832552,-0.4804012077611637,0.4565017600722513,0.6104987715531683,-0.1028233879668304,1.2152261286172472,0.0,0.0,0.0,0.0,0.0,0.0
859,859,255,1,0.9045637115140078,0.2821197456950522,-0.675449651597797,-0.7066210688476964,-0.6623946162169881,0.1037740961307769,-1.4555799416646498,-1.5160806913753262,-1.658240821947689,0.542537584728761,-0.5317754014696342,0.0851689184159778,0.810456801734254,-0.1028233879668304,-0.3710274976728,0.0,0.0,0.0,0.0,0.0,0.0
860,860,255,1,0.904667636553985,0.2842013569368269,0.2236452148896255,-0.7066210688476964,0.4862445951940629,1.3898404012085974,-0.1468592457865423,-1.5160806913753262,-1.658240821947689,0.542537584728761,-0.5317754014696342,0.0851689184159778,0.810456801734254,-0.1028233879668304,-0.3710274976728,0.0,0.0,0.0,0.0,0.0,0.0
861,861,255,1,0.8982572639775019,0.2825628745007909,-0.3302614396563382,-0.7066210688476964,-0.2029389316525677,0.1037740961307769,-1.4555799416646498,-1.5160806913753262,-1.658240821947689,0.542537584728761,-0.5317754014696342,0.0851689184159778,0.810456801734254,-0.1028233879668304,-0.3710274976728,0.0,0.0,0.0,0.0,0.0,0.0
862,862,255,1,0.8933045263713015,0.2787602543393264,0.5005985660868173,-0.7066210688476964,0.0267889106296424,0.1037740961307769,-1.4555799416646498,-1.5160806913753262,-1.658240821947689,0.542537584728761,-0.5317754014696342,0.0851689184159778,0.810456801734254,-0.1028233879668304,1.063350781419264,0.0,0.0,0.0,0.0,0.0,0.0
863,863,255,1,0.9164268890477136,0.2824025938689279,0.3199768111453079,-0.7066210688476964,0.2565167529118527,1.3898404012085974,-0.1468592457865423,-1.617296326539244,-1.7700808057704254,0.8118812636377496,-0.6173990576504101,-0.657496764896569,0.6104987715531683,-0.1028233879668304,1.2152261286172472,0.0,0.0,0.0,0.0,0.0,0.0
864,864,255,1,0.943846609650188,0.2776297928312256,0.2356866524594809,-0.1900736720172506,-0.2029389316525677,0.1037740961307769,-1.4555799416646498,-1.5160806913753262,-1.5464008381249523,0.8118812636377496,-0.548900132705787,-0.657496764896569,0.0106246810099113,-0.1028233879668304,1.2152261286172472,0.0,0.0,0.0,0.0,0.0,0.0
865,865,255,1,0.8820110191212966,0.2776408506816448,0.721358350564339,-0.7066210688476964,0.2565167529118527,0.1037740961307769,-0.1468592457865423,-1.5160806913753262,-1.658240821947689,0.542537584728761,-0.5317754014696342,0.0851689184159778,0.810456801734254,-0.1028233879668304,-0.0363392325513183,0.0,0.0,0.0,0.0,0.0,0.0
866,866,255,1,0.8962823047307397,0.284327416431604,-0.9724720534493096,-0.7066210688476964,-0.6623946162169881,1.3898404012085974,-1.4555799416646498,-1.566688508957285,-1.7141608138590572,0.4976469715772629,-0.5317754014696342,0.4565017600722513,1.0104148319153397,-0.1028233879668304,1.2152261286172472,0.0,0.0,0.0,0.0,0.0,0.0
867,867,255,1,0.900042588787851,0.2842537362282855,0.0229543973316905,-0.7066210688476964,0.2565167529118527,1.3898404012085974,-0.1468592457865423,-1.5160806913753262,-1.658240821947689,0.542537584728761,-0.5317754014696342,0.0851689184159778,0.810456801734254,-0.1028233879668304,1.2152261286172472,0.0,0.0,0.0,0.0,0.0,0.0
868,868,255,1,0.0917868739217415,-0.2751255525756291,-0.0091561028545905,-0.4483473704324735,-0.4326667739347779,-1.1822922089470431,-0.1468592457865423,-1.6679041441212028,-1.9378407815045304,1.3056780083042288,-2.312747450029875,-2.9783270252482783,1.6102889224585968,-0.1028233879668304,0.4685056715604965,0.0,0.0,0.0,0.0,0.0,0.0
869,869,255,1,0.105445922164689,-0.2643140012248847,0.2999077485288823,-0.1900736720172506,-0.4326667739347779,-1.1822922089470431,-0.1468592457865423,-1.6679041441212028,-1.9378407815045304,1.0812249425467382,-2.3812463749744985,-3.0711602356623464,1.6102889224585968,0.2733316476043316,0.9789755885314958,0.0,0.0,0.0,0.0,0.0,0.0
870,870,255,1,0.0863603378399344,-0.2775037470054852,1.969655289364924,0.3264737248131952,0.2565167529118527,-1.1822922089470431,1.1618614500915652,-1.6679041441212028,-1.9378407815045304,1.3056780083042288,-2.312747450029875,-2.9300537558329625,1.8102469526396825,-0.1028233879668304,1.2152261286172472,0.0,0.0,0.0,0.0,0.0,0.0
871,871,255,1,0.1045872942513868,-0.279718983639692,1.3916657118308302,0.0682000263979722,-0.2029389316525677,-1.1822922089470431,1.1618614500915652,-1.6679041441212028,-1.9378407815045304,1.0812249425467382,-2.3641216437383457,-3.163993446076415,1.6102889224585968,0.0476386262616343,1.0549132621304875,0.0,0.0,0.0,0.0,0.0,0.0
872,872,255,1,0.1015707836814779,-0.2782101690496223,0.0430234599481162,0.3264737248131952,0.0267889106296424,0.1037740961307769,-1.4555799416646498,-1.6679041441212028,-1.9378407815045304,1.0812249425467382,-2.3641216437383457,-3.163993446076415,1.6102889224585968,0.0476386262616343,-0.1305581979426599,0.0,0.0,0.0,0.0,0.0,0.0
873,873,255,1,0.0703921212272064,-0.2801572237115619,-0.0211975404244459,-0.4483473704324735,-0.6623946162169881,-1.1822922089470431,-0.1468592457865423,-1.6679041441212028,-1.881920789593162,1.3056780083042288,-2.312747450029875,-2.8854938148342097,1.410330892277511,-0.1028233879668304,1.2152261286172472,0.0,0.0,0.0,0.0,0.0,0.0
874,874,255,1,0.0858702411569518,-0.279079607088622,0.9421183264355388,0.0682000263979722,-0.2029389316525677,-1.1822922089470431,1.1618614500915652,-1.6679041441212028,-1.881920789593162,1.3056780083042288,-2.312747450029875,-2.8854938148342097,1.410330892277511,-0.1028233879668304,0.635849804121237,0.0,0.0,0.0,0.0,0.0,0.0
875,875,255,1,0.1011721487034189,-0.2676299595694862,0.0269682098549756,-0.4483473704324735,-0.4326667739347779,-1.1822922089470431,-0.1468592457865423,-1.6679041441212028,-1.9378407815045304,1.0812249425467382,-2.3641216437383457,-3.163993446076415,1.6102889224585968,0.0476386262616343,0.6344435509064412,0.0,0.0,0.0,0.0,0.0,0.0
876,876,255,1,0.0476450008076786,-0.2799152313850232,0.3520873113315892,-0.1900736720172506,-0.2029389316525677,-1.1822922089470431,1.1618614500915652,-1.6679041441212028,-1.9378407815045304,1.3056780083042288,-2.2956227187937164,-2.8854938148342097,1.8102469526396825,-0.1028233879668304,0.804600189896774,0.0,0.0,0.0,0.0,0.0,0.0
877,877,255,1,0.1043700487342438,-0.2829958903125515,0.4765156909471065,0.3264737248131952,0.0267889106296424,-1.1822922089470431,1.1618614500915652,-1.6679041441212028,-1.881920789593162,1.0812249425467382,-2.3641216437383457,-3.0711602356623464,1.2103728620964254,0.160485136932983,0.0410046942624696,0.0,0.0,0.0,0.0,0.0,0.0
878,878,255,1,0.1170803495642796,-0.2566780899168459,1.2592098028655818,0.5847474232284181,0.2565167529118527,-1.1822922089470431,1.1618614500915652,-1.6679041441212028,-1.881920789593162,1.0812249425467382,-2.3641216437383457,-3.0711602356623464,1.2103728620964254,0.160485136932983,0.1408486725129955,0.0,0.0,0.0,0.0,0.0,0.0
879,879,255,1,0.0497091208359691,-0.2799472409520259,-0.1817502327495296,-0.1900736720172506,-0.4326667739347779,-1.1822922089470431,-0.1468592457865423,-1.6679041441212028,-1.881920789593162,1.3056780083042288,-2.2956227187937164,-2.8854938148342097,1.410330892277511,-0.1028233879668304,-0.3654024848136151,0.0,0.0,0.0,0.0,0.0,0.0
880,880,255,1,0.0984789178704071,-0.2694633511689608,0.0269682098549756,-0.4483473704324735,-0.6623946162169881,-1.1822922089470431,-0.1468592457865423,-1.6679041441212028,-1.881920789593162,1.0812249425467382,-2.3641216437383457,-3.0711602356623464,1.2103728620964254,0.160485136932983,-0.3780587637467807,0.0,0.0,0.0,0.0,0.0,0.0
881,881,255,1,0.0839898115129712,-0.2779908162168369,0.8658557927962821,0.843021121643641,0.4862445951940629,-1.1822922089470431,1.1618614500915652,-1.6679041441212028,-1.881920789593162,1.3056780083042288,-2.2956227187937164,-2.8854938148342097,1.410330892277511,-0.1028233879668304,-0.043370498625299,0.0,0.0,0.0,0.0,0.0,0.0
882,882,255,1,0.0869426632023048,-0.2838395461003101,0.2276590274129107,0.3264737248131952,0.2565167529118527,0.1037740961307769,-0.1468592457865423,-1.6679041441212028,-1.9937607734158984,1.2607873951527306,-2.1928743313767813,-3.0711602356623464,2.210163013001854,0.0852541298187505,1.1505384807366248,0.0,0.0,0.0,0.0,0.0,0.0
883,883,255,1,0.1021105419610552,-0.2670216613980143,0.3400458737617342,-0.1900736720172506,-0.4326667739347779,-1.1822922089470431,-0.1468592457865423,-1.6679041441212028,-1.881920789593162,1.0812249425467382,-2.346996912502187,-2.9783270252482783,1.2103728620964254,0.160485136932983,-0.0419642454105026,0.0,0.0,0.0,0.0,0.0,0.0
884,884,255,1,0.1197055114135439,-0.2552585529191062,0.6731926002849173,-0.1900736720172506,-0.2029389316525677,0.1037740961307769,-1.4555799416646498,-1.6679041441212028,-1.9378407815045304,1.0812249425467382,-2.3641216437383457,-3.163993446076415,1.6102889224585968,0.0476386262616343,1.2152261286172472,0.0,0.0,0.0,0.0,0.0,0.0
885,885,255,1,-0.0097814452669103,-0.280941807298398,0.548764316366239,-0.1900736720172506,-0.4326667739347779,-1.1822922089470431,-0.1468592457865423,-1.465472873793367,-1.658240821947689,1.0812249425467382,-1.7133818567644066,-2.5141609731779364,1.6102889224585968,-0.1028233879668304,0.3855367318875242,0.0,0.0,0.0,0.0,0.0,0.0
886,886,255,1,0.0795578495683441,-0.279277600810335,-0.1496397325632484,-0.4483473704324735,-0.6623946162169881,-1.1822922089470431,-0.1468592457865423,-1.6679041441212028,-1.9378407815045304,1.3056780083042288,-2.2956227187937164,-2.8854938148342097,1.6102889224585968,-0.1028233879668304,1.2152261286172472,0.0,0.0,0.0,0.0,0.0,0.0
887,887,255,1,-0.322150970402851,-0.3189583478437309,4.670953701350478,2.3926633121349785,2.0943394911695346,-1.1822922089470431,2.4705821459696726,-1.566688508957285,-1.658240821947689,1.485240460910221,-2.535368956099904,-2.8854938148342097,0.6104987715531683,-0.1028233879668304,-0.3780587637467807,0.0,0.0,0.0,0.0,0.0,0.0
888,888,255,1,-0.3238793473591895,-0.3172097524972065,0.4042669698311349,-0.1900736720172506,-0.4326667739347779,-1.1822922089470431,-0.1468592457865423,-1.566688508957285,-1.658240821947689,1.485240460910221,-2.535368956099904,-2.8854938148342097,0.6104987715531683,-0.1028233879668304,-0.2838397983554391,0.0,0.0,0.0,0.0,0.0,0.0
889,889,255,1,-0.2859635812064498,-0.3402817245996514,0.1152721810640877,0.3264737248131952,0.0267889106296424,0.1037740961307769,-1.4555799416646498,-1.617296326539244,-1.7141608138590572,1.3954592346072248,-2.689491537225309,-2.9783270252482783,0.210582711190997,-0.1028233879668304,0.641474816980422,0.0,0.0,0.0,0.0,0.0,0.0
890,890,255,1,-0.3192172930751384,-0.3316938487689601,-0.0854186364938472,-0.4483473704324735,-0.6623946162169881,-1.1822922089470431,-0.1468592457865423,-1.566688508957285,-1.658240821947689,1.485240460910221,-2.535368956099904,-2.8854938148342097,0.6104987715531683,-0.1028233879668304,-0.3752462573171885,0.0,0.0,0.0,0.0,0.0,0.0
891,891,255,1,-0.3188324636374416,-0.3293298549470111,1.8010749719932706,0.3264737248131952,0.0267889106296424,-1.1822922089470431,1.1618614500915652,-1.566688508957285,-1.658240821947689,1.485240460910221,-2.535368956099904,-2.8854938148342097,0.6104987715531683,-0.1028233879668304,0.98460060139068,0.0,0.0,0.0,0.0,0.0,0.0
892,892,255,1,-0.3176541991159516,-0.3528969277521651,0.1714655563900796,-0.4483473704324735,-0.6623946162169881,-1.1822922089470431,-0.1468592457865423,-1.566688508957285,-1.9378407815045304,1.2607873951527306,-3.3231065929630894,-2.5141609731779364,3.2099531639072825,-0.1028233879668304,-0.2880585579998276,0.0,0.0,0.0,0.0,0.0,0.0
893,893,255,1,-0.4275184976027022,-0.3166258979950822,-0.595173305435255,-0.4483473704324735,-0.4326667739347779,0.1037740961307769,-1.4555799416646498,-1.465472873793367,-1.0431209109226385,1.3056780083042288,-2.1928743313767813,-3.256826656490483,-1.7889975906198596,-0.1028233879668304,0.641474816980422,0.0,0.0,0.0,0.0,0.0,0.0
894,894,255,1,-0.3475702298576085,-0.3155357685414044,-0.0091561028545905,-0.1900736720172506,-0.4326667739347779,-1.1822922089470431,-1.4555799416646498,-1.566688508957285,-1.658240821947689,1.485240460910221,-2.535368956099904,-2.8854938148342097,0.6104987715531683,-0.1028233879668304,1.2152261286172472,0.0,0.0,0.0,0.0,0.0,0.0
895,895,255,1,-0.3203552914372265,-0.3667776145863163,-0.109501511633558,-0.4483473704324735,-0.6623946162169881,-1.1822922089470431,-0.1468592457865423,-1.566688508957285,-1.9378407815045304,1.0812249425467382,-3.288857130490778,-2.142828131521663,3.2099531639072825,-0.1028233879668304,0.0452234539068576,0.0,0.0,0.0,0.0,0.0,0.0
896,896,255,1,-0.2810812135073921,-0.3180387420833573,0.2878663109590268,0.5847474232284181,0.2565167529118527,-1.1822922089470431,-0.1468592457865423,-1.566688508957285,-1.658240821947689,1.485240460910221,-2.535368956099904,-2.8854938148342097,0.6104987715531683,-0.1028233879668304,-0.0307142196921334,0.0,0.0,0.0,0.0,0.0,0.0
897,897,255,1,-0.3882413517750083,-0.3166232208312959,-0.1978054828426702,0.0682000263979722,-0.2029389316525677,0.1037740961307769,-1.4555799416646498,-1.465472873793367,-1.0431209109226385,1.3056780083042288,-2.1928743313767813,-3.256826656490483,-1.7889975906198596,-0.1028233879668304,-0.2107146311860395,0.0,0.0,0.0,0.0,0.0,0.0
898,898,255,1,-0.3688735208472214,-0.3166942820700414,0.1112583685408021,-0.1900736720172506,-0.2029389316525677,0.1037740961307769,-1.4555799416646498,-1.566688508957285,-1.658240821947689,1.485240460910221,-2.535368956099904,-2.8854938148342097,0.6104987715531683,-0.1028233879668304,0.8960066488585233,0.0,0.0,0.0,0.0,0.0,0.0
899,899,255,1,-0.2749772472295859,-0.3424898609299054,0.789593259157025,0.843021121643641,0.4862445951940629,0.1037740961307769,-0.1468592457865423,-1.617296326539244,-1.658240821947689,1.3505686214557266,-2.6723668059891565,-2.8854938148342097,0.0106246810099113,-0.1028233879668304,-0.3766525105319843,0.0,0.0,0.0,0.0,0.0,0.0
900,900,255,1,-0.4240178344019112,-0.3166254324013799,-0.5349660697375586,-0.1900736720172506,-0.4326667739347779,0.1037740961307769,-1.4555799416646498,-1.465472873793367,-1.0431209109226385,1.3056780083042288,-2.1928743313767813,-3.256826656490483,-1.7889975906198596,-0.1028233879668304,-0.3710274976728,0.0,0.0,0.0,0.0,0.0,0.0
901,901,255,1,-0.3211548623167413,-0.3200830476297709,0.2758248733891714,-0.1900736720172506,-0.4326667739347779,-1.1822922089470431,-0.1468592457865423,-1.566688508957285,-1.658240821947689,1.485240460910221,-2.518244224863751,-2.8854938148342097,0.6104987715531683,-0.1028233879668304,-0.2022771118972631,0.0,0.0,0.0,0.0,0.0,0.0
902,902,255,1,-0.3188324636374416,-0.3293298549470111,-0.1255567617266986,-0.4483473704324735,-0.6623946162169881,-1.1822922089470431,-0.1468592457865423,-1.566688508957285,-1.658240821947689,1.485240460910221,-2.518244224863751,-2.8854938148342097,0.6104987715531683,-0.1028233879668304,1.2152261286172472,0.0,0.0,0.0,0.0,0.0,0.0
903,903,255,1,-0.3222190393865984,-0.3188420076174803,2.226539482248852,1.3595685184740869,0.9457002797584834,-1.1822922089470431,1.1618614500915652,-1.566688508957285,-1.658240821947689,1.485240460910221,-2.518244224863751,-2.8854938148342097,0.6104987715531683,-0.1028233879668304,-0.3639962315988193,0.0,0.0,0.0,0.0,0.0,0.0
904,904,255,1,-0.317686220299855,-0.3566595650544829,0.6129853167388007,-0.1900736720172506,-0.4326667739347779,-1.1822922089470431,-0.1468592457865423,-1.566688508957285,-1.9378407815045304,1.0812249425467382,-3.288857130490778,-2.142828131521663,3.2099531639072825,-0.1028233879668304,0.2210051057563757,0.0,0.0,0.0,0.0,0.0,0.0
905,905,255,1,-0.3176848780945396,-0.3526105294263118,1.1387954271670278,0.0682000263979722,-0.2029389316525677,-1.1822922089470431,1.1618614500915652,-1.566688508957285,-1.9378407815045304,1.0812249425467382,-3.288857130490778,-2.142828131521663,3.2099531639072825,-0.1028233879668304,0.0522547199808383,0.0,0.0,0.0,0.0,0.0,0.0
906,906,255,1,-0.3190153870472874,-0.3420139077681854,0.5527782245863633,-0.1900736720172506,-0.4326667739347779,-1.1822922089470431,-0.1468592457865423,-1.566688508957285,-1.9378407815045304,1.0812249425467382,-3.288857130490778,-2.142828131521663,3.2099531639072825,-0.1028233879668304,-0.2964960772886046,0.0,0.0,0.0,0.0,0.0,0.0
907,907,255,1,-0.3190211393557735,-0.3464314608113738,-0.0091561028545905,-0.4483473704324735,-0.6623946162169881,-1.1822922089470431,-0.1468592457865423,-1.566688508957285,-1.9378407815045304,1.0812249425467382,-3.288857130490778,-2.142828131521663,3.2099531639072825,-0.1028233879668304,1.2152261286172472,0.0,0.0,0.0,0.0,0.0,0.0
908,908,255,1,-0.3615180439865387,-0.3162604651383394,-0.4948278966562875,-0.4483473704324735,-0.6623946162169881,0.1037740961307769,-1.4555799416646498,-1.566688508957285,-1.658240821947689,1.485240460910221,-2.518244224863751,-2.8854938148342097,0.6104987715531683,-0.1028233879668304,-0.3696212444580036,0.0,0.0,0.0,0.0,0.0,0.0
909,909,255,1,-0.3190518183343642,-0.3418309294433574,-0.2259021705056659,-0.4483473704324735,-0.6623946162169881,-1.1822922089470431,-0.1468592457865423,-1.566688508957285,-1.9378407815045304,1.0812249425467382,-3.288857130490778,-2.142828131521663,3.2099531639072825,-0.1028233879668304,0.2266301186155601,0.0,0.0,0.0,0.0,0.0,0.0
910,910,255,1,-0.3189795309910603,-0.3457765450705032,0.0309820223782608,-0.1900736720172506,-0.4326667739347779,-1.1822922089470431,-0.1468592457865423,-1.566688508957285,-1.9378407815045304,1.0812249425467382,-3.288857130490778,-2.142828131521663,3.2099531639072825,-0.1028233879668304,-0.2908710644294198,0.0,0.0,0.0,0.0,0.0,0.0
911,911,255,1,-0.3189728199644956,-0.3264921195334253,-0.0613357613541362,-0.4483473704324735,-0.6623946162169881,-1.1822922089470431,-0.1468592457865423,-1.566688508957285,-1.658240821947689,1.485240460910221,-2.518244224863751,-2.8854938148342097,0.6104987715531683,-0.1028233879668304,-0.3724337508875958,0.0,0.0,0.0,0.0,0.0,0.0
912,912,255,1,-0.4983228957789019,-0.3326054230379771,0.1674517438667945,0.5847474232284181,0.2565167529118527,0.1037740961307769,1.1618614500915652,-1.3642572386294494,-1.4904808462135843,1.3056780083042288,-2.038751750251376,0.4565017600722513,1.2103728620964254,-0.1028233879668304,-0.0363392325513183,0.0,0.0,0.0,0.0,0.0,0.0
913,913,255,1,-0.6434122222523928,-0.3581563906067295,-0.3182200020864831,0.0682000263979722,-0.2029389316525677,0.1037740961307769,1.1618614500915652,-1.4148650562114082,-1.4904808462135843,1.3505686214557266,-1.6277582005836304,0.4565017600722513,0.810456801734254,0.0100231227045181,0.395380504391097,0.0,0.0,0.0,0.0,0.0,0.0
914,914,255,1,-0.3244200643568494,-0.3150491649237541,4.016701590177127,2.1343896137197556,1.634883806605114,-1.1822922089470431,2.4705821459696726,-1.566688508957285,-1.658240821947689,1.485240460910221,-2.535368956099904,-2.8854938148342097,0.6104987715531683,-0.1028233879668304,1.2152261286172472,0.0,0.0,0.0,0.0,0.0,0.0
915,915,255,1,-0.319778910126958,-0.32121752488355,0.1714655563900796,-0.4483473704324735,-0.6623946162169881,-1.1822922089470431,-0.1468592457865423,-1.566688508957285,-1.658240821947689,1.485240460910221,-2.4497452999191216,-2.5141609731779364,0.210582711190997,-0.1028233879668304,-0.3780587637467807,0.0,0.0,0.0,0.0,0.0,0.0
916,916,255,1,-0.3244169964589899,-0.3166423101730725,0.6892478503780575,0.0682000263979722,-0.2029389316525677,-1.1822922089470431,1.1618614500915652,-1.566688508957285,-1.658240821947689,1.485240460910221,-2.535368956099904,-2.8854938148342097,0.6104987715531683,-0.1028233879668304,1.2152261286172472,0.0,0.0,0.0,0.0,0.0,0.0
917,917,255,1,-0.4159206932338042,-0.3157667030175238,0.5929163498192143,0.3264737248131952,0.0267889106296424,-1.1822922089470431,1.1618614500915652,-1.465472873793367,-1.0431209109226385,1.3056780083042288,-2.15862486890447,-3.256826656490483,-1.7889975906198596,-0.1028233879668304,-0.034932979336522,0.0,0.0,0.0,0.0,0.0,0.0
918,918,255,1,-0.3189751208878882,-0.3268322357326292,1.576301279295625,0.3264737248131952,0.0267889106296424,-1.1822922089470431,1.1618614500915652,-1.566688508957285,-1.658240821947689,1.485240460910221,-2.4497452999191216,-2.5141609731779364,0.210582711190997,-0.1028233879668304,1.2152261286172472,0.0,0.0,0.0,0.0,0.0,0.0
919,919,255,1,-0.945848085864353,-0.5233224971834155,-0.1496397325632484,0.3264737248131952,0.0267889106296424,0.1037740961307769,1.1618614500915652,-1.4148650562114082,-1.378640862390848,0.0038502269107838,-3.905347454992399,0.4565017600722513,-0.1893333491711743,-0.1028233879668304,-0.3724337508875958,0.0,0.0,0.0,0.0,0.0,0.0
920,920,255,1,-0.9453499359494888,-0.5226959826583583,0.0711201476111121,1.101294820058864,0.7159724374762731,0.1037740961307769,1.1618614500915652,-1.4148650562114082,-1.378640862390848,0.0038502269107838,-3.905347454992399,0.4565017600722513,-0.1893333491711743,-0.1028233879668304,1.042256983197322,0.0,0.0,0.0,0.0,0.0,0.0
921,921,255,1,-0.7378145072731581,-0.5257140192329866,-0.2058331078892406,-0.1900736720172506,-0.4326667739347779,0.1037740961307769,-0.1468592457865423,-1.7185119617031617,-1.9378407815045304,-0.5797277440586914,-3.905347454992399,0.4565017600722513,0.810456801734254,-0.1028233879668304,-0.3007148369329926,0.0,0.0,0.0,0.0,0.0,0.0
922,922,255,1,-1.2362039099126942,-0.534007989039383,0.2397004649827666,-0.1900736720172506,-0.4326667739347779,-1.1822922089470431,-0.1468592457865423,-1.465472873793367,0.2663146665471244,1.03633432939524,-3.8539732612839286,0.4565017600722513,0.0362050362160249,-0.1028233879668304,1.2152261286172472,0.0,0.0,0.0,0.0,0.0,0.0
923,923,255,1,-0.9747438488242612,-0.5431060391688809,1.3996933368774005,0.3264737248131952,0.0267889106296424,-1.1822922089470431,1.1618614500915652,-1.4148650562114082,-1.378640862390848,0.0038502269107838,-3.905347454992399,0.4565017600722513,-0.1893333491711743,-0.1028233879668304,0.4685056715604965,0.0,0.0,0.0,0.0,0.0,0.0
924,924,255,1,-0.9618404621727212,-0.5323357510599624,0.3079353735754525,-0.1900736720172506,-0.4326667739347779,-1.1822922089470431,-0.1468592457865423,-1.4148650562114082,-1.378640862390848,0.0038502269107838,-3.905347454992399,0.4565017600722513,-0.1893333491711743,-0.1028233879668304,-0.2852460515702354,0.0,0.0,0.0,0.0,0.0,0.0
925,925,255,1,-1.248073031498502,-0.5114861158956779,-0.3703996127376093,-0.4483473704324735,-0.6623946162169881,-1.1822922089470431,-0.1468592457865423,-1.465472873793367,0.2663146665471244,1.03633432939524,-3.8539732612839286,0.4565017600722513,0.0362050362160249,-0.1028233879668304,0.4586618990569231,0.0,0.0,0.0,0.0,0.0,0.0
926,926,255,1,-0.8558417149883706,-0.5401594712274871,0.520667628703243,0.843021121643641,0.4862445951940629,-1.1822922089470431,-0.1468592457865423,-1.4148650562114082,-1.3227208704794795,-0.1308216125437105,-3.905347454992399,0.4565017600722513,-0.38929137935226,-0.1028233879668304,0.9649130563835344,0.0,0.0,0.0,0.0,0.0,0.0
927,927,255,1,-0.7494913100119247,-0.5229681803763045,0.2597695275991918,0.3264737248131952,0.0267889106296424,0.1037740961307769,1.1618614500915652,-1.7185119617031617,-1.9378407815045304,-0.5797277440586914,-3.905347454992399,0.4565017600722513,0.810456801734254,-0.1028233879668304,1.2152261286172472,0.0,0.0,0.0,0.0,0.0,0.0
928,928,255,1,-0.9292003298758448,-0.4964416776037431,-0.0171837279011608,-0.4483473704324735,-0.6623946162169881,-1.1822922089470431,-0.1468592457865423,-1.4148650562114082,-1.434560854302216,1.0812249425467382,-3.905347454992399,0.4565017600722513,-0.1893333491711743,-0.1028233879668304,-0.3668087380284114,0.0,0.0,0.0,0.0,0.0,0.0
929,929,255,1,-0.922775384784534,-0.5157234841762481,-0.5028555217028579,-0.1900736720172506,-0.2029389316525677,0.1037740961307769,-1.4555799416646498,-1.4148650562114082,-1.378640862390848,0.0038502269107838,-3.905347454992399,0.4565017600722513,-0.1893333491711743,-0.1028233879668304,1.2152261286172472,0.0,0.0,0.0,0.0,0.0,0.0
930,930,255,1,-0.955083225394552,-0.5284989679606248,-0.2459713288189309,-0.4483473704324735,-0.6623946162169881,-1.1822922089470431,-0.1468592457865423,-1.4148650562114082,-1.3227208704794795,-0.1308216125437105,-3.905347454992399,0.4565017600722513,-0.38929137935226,-0.1028233879668304,0.804600189896774,0.0,0.0,0.0,0.0,0.0,0.0
931,931,255,1,-0.945328844151708,-0.5205979592385933,1.118726268853763,0.0682000263979722,0.0267889106296424,-1.1822922089470431,1.1618614500915652,-1.4148650562114082,-1.3227208704794795,-0.1308216125437105,-3.905347454992399,0.4565017600722513,-0.38929137935226,-0.1028233879668304,-0.2064958715416516,0.0,0.0,0.0,0.0,0.0,0.0
932,932,255,1,-0.9341507665586511,-0.5060459444855813,2.037890197957611,2.1343896137197556,1.634883806605114,-1.1822922089470431,2.4705821459696726,-1.4148650562114082,-1.3227208704794795,-0.1308216125437105,-3.905347454992399,0.4565017600722513,-0.38929137935226,-0.1028233879668304,-0.289464811214624,0.0,0.0,0.0,0.0,0.0,0.0
933,933,255,1,-0.9306727291045722,-0.5239050713028596,-0.0653495738774215,0.3264737248131952,0.0267889106296424,0.1037740961307769,1.1618614500915652,-1.4148650562114082,-1.3227208704794795,-0.1308216125437105,-3.905347454992399,0.4565017600722513,-0.38929137935226,-0.1028233879668304,1.1575697468106054,0.0,0.0,0.0,0.0,0.0,0.0
934,934,255,1,-0.9797000378155524,-0.5166283655358014,0.9340907013889684,0.843021121643641,0.4862445951940629,0.1037740961307769,1.1618614500915652,-1.4148650562114082,-1.3227208704794795,-0.1308216125437105,-3.905347454992399,0.4565017600722513,-0.38929137935226,-0.1028233879668304,0.0381921878328769,0.0,0.0,0.0,0.0,0.0,0.0
935,935,255,1,-0.961236853268953,-0.5318322696706205,3.354422045350884,1.6178422168893098,0.9457002797584834,-1.1822922089470431,1.1618614500915652,-1.4148650562114082,-1.3227208704794795,-0.1308216125437105,-3.905347454992399,0.4565017600722513,-0.38929137935226,-0.1028233879668304,-0.1221206786538829,0.0,0.0,0.0,0.0,0.0,0.0
936,936,255,1,-0.9518876262871212,-0.5256665286753974,0.922049168122274,0.3264737248131952,0.0267889106296424,-1.1822922089470431,1.1618614500915652,-1.4148650562114082,-1.3227208704794795,-0.1308216125437105,-3.905347454992399,0.4565017600722513,-0.38929137935226,-0.1028233879668304,-0.3752462573171885,0.0,0.0,0.0,0.0,0.0,0.0
937,937,255,1,-0.9391121326275804,-0.5111451267082828,0.0590787100412567,0.843021121643641,0.4862445951940629,0.1037740961307769,1.1618614500915652,-1.4148650562114082,-1.3227208704794795,-0.1308216125437105,-3.905347454992399,0.4565017600722513,-0.38929137935226,-0.1028233879668304,0.9888193610350686,0.0,0.0,0.0,0.0,0.0,0.0
938,938,255,1,-0.9683766185614224,-0.5199133037000174,0.0028853347152648,-0.1900736720172506,-0.4326667739347779,0.1037740961307769,-1.4555799416646498,-1.4148650562114082,-1.3227208704794795,-0.1308216125437105,-3.905347454992399,0.4565017600722513,-0.38929137935226,-0.1028233879668304,1.2152261286172472,0.0,0.0,0.0,0.0,0.0,0.0
939,939,255,1,-0.961236853268953,-0.5318322696706205,-0.0613357613541362,0.0682000263979722,-0.2029389316525677,-1.1822922089470431,1.1618614500915652,-1.4148650562114082,-1.3227208704794795,-0.1308216125437105,-3.905347454992399,0.4565017600722513,-0.38929137935226,-0.1028233879668304,-0.3850900298207613,0.0,0.0,0.0,0.0,0.0,0.0
940,940,255,1,-0.9457581581083592,-0.5232816413360777,-0.0372528862144256,-0.4483473704324735,-0.6623946162169881,-1.1822922089470431,-0.1468592457865423,-1.4148650562114082,-1.3227208704794795,-0.1308216125437105,-3.905347454992399,0.4565017600722513,-0.38929137935226,-0.1028233879668304,-0.3077461030069733,0.0,0.0,0.0,0.0,0.0,0.0
941,941,255,1,-0.4185539083149474,-0.5150711873999513,0.8578281677497118,1.101294820058864,0.7159724374762731,-1.1822922089470431,-0.1468592457865423,-1.8197275968670796,-2.0496807653272664,-0.0410403862407142,-3.905347454992399,0.4565017600722513,0.810456801734254,-0.1028233879668304,0.9663193095983302,0.0,0.0,0.0,0.0,0.0,0.0
942,942,255,1,-1.2402706002684782,-0.5378248098087545,0.40828078235442,-0.1900736720172506,-0.2029389316525677,-1.1822922089470431,1.1618614500915652,-1.465472873793367,0.2663146665471244,1.03633432939524,-3.8539732612839286,0.4565017600722513,0.0362050362160249,-0.1028233879668304,1.2152261286172472,0.0,0.0,0.0,0.0,0.0,0.0
943,943,255,1,-0.9283321147817342,-0.4952526094884213,2.222525574028727,2.1343896137197556,1.634883806605114,0.1037740961307769,2.4705821459696726,-1.4148650562114082,-1.434560854302216,1.0812249425467382,-3.905347454992399,0.4565017600722513,-0.1893333491711743,-0.1028233879668304,-0.3766525105319843,0.0,0.0,0.0,0.0,0.0,0.0
944,944,255,1,-0.9251474450604256,-0.5165840177356993,-0.5871456803886849,0.0682000263979722,-0.2029389316525677,1.3898404012085974,-1.4555799416646498,-1.4148650562114082,-1.378640862390848,-0.0859309993922123,-3.905347454992399,0.4565017600722513,-0.1893333491711743,-0.1028233879668304,-0.383683776605965,0.0,0.0,0.0,0.0,0.0,0.0
945,945,255,1,-0.9229889871729704,-0.525595467436652,-0.4105377858188802,-0.1900736720172506,-0.4326667739347779,0.1037740961307769,-0.1468592457865423,-1.4148650562114082,-1.378640862390848,-0.0859309993922123,-3.905347454992399,0.4565017600722513,-0.1893333491711743,-0.1028233879668304,-0.383683776605965,0.0,0.0,0.0,0.0,0.0,0.0
946,946,255,1,-1.028730989655242,-0.51375023986858,0.207589964796485,0.5847474232284181,0.2565167529118527,0.1037740961307769,-0.1468592457865423,-1.4148650562114082,-1.3227208704794795,-0.1308216125437105,-3.905347454992399,0.4565017600722513,-0.38929137935226,-0.1028233879668304,0.6428810701952178,0.0,0.0,0.0,0.0,0.0,0.0
947,947,255,1,-0.9582161243394876,-0.5303283438144203,4.3739313832337,2.9092107089654244,2.0943394911695346,-1.1822922089470431,2.4705821459696726,-1.4148650562114082,-1.3227208704794795,-0.1308216125437105,-3.905347454992399,0.4565017600722513,-0.38929137935226,-0.1028233879668304,1.140694708233052,0.0,0.0,0.0,0.0,0.0,0.0
948,948,255,1,-0.9455796448016855,-0.5230645582725881,0.0028853347152648,-0.4483473704324735,-0.4326667739347779,-1.1822922089470431,-0.1468592457865423,-1.4148650562114082,-1.378640862390848,-0.0859309993922123,-3.905347454992399,0.4565017600722513,-0.1893333491711743,-0.1028233879668304,-0.3611837251692271,0.0,0.0,0.0,0.0,0.0,0.0
949,949,255,1,-0.9455050565349876,-0.5203613212396256,5.718560013986806,7.5581372804394364,6.688896336813738,0.1037740961307769,2.4705821459696726,-1.4148650562114082,-1.378640862390848,-0.0859309993922123,-3.905347454992399,0.4565017600722513,-0.1893333491711743,-0.1028233879668304,1.2152261286172472,0.0,0.0,0.0,0.0,0.0,0.0
950,950,255,1,-0.9570150423276714,-0.5292045170165715,3.2259796618184033,1.8761159153045328,1.1754281220406937,-1.1822922089470431,1.1618614500915652,-1.4148650562114082,-1.378640862390848,-0.0859309993922123,-3.905347454992399,0.4565017600722513,-0.1893333491711743,-0.1028233879668304,0.1295986467946263,0.0,0.0,0.0,0.0,0.0,0.0
951,951,255,1,-0.928983851333166,-0.4961459674038531,-0.0051422903313056,-0.1900736720172506,-0.4326667739347779,0.1037740961307769,-0.1468592457865423,-1.4148650562114082,-1.378640862390848,0.9016624899407456,-3.905347454992399,0.4565017600722513,-0.1893333491711743,-0.1028233879668304,0.0452234539068576,0.0,0.0,0.0,0.0,0.0,0.0
952,952,255,1,-0.7751466058582148,-0.5136578777179748,-0.1536535450865337,0.0682000263979722,-0.2029389316525677,0.1037740961307769,1.1618614500915652,-1.8197275968670796,-2.105600757238635,-0.4899465177556952,-3.905347454992399,0.4565017600722513,1.2103728620964254,-0.1028233879668304,1.2152261286172472,0.0,0.0,0.0,0.0,0.0,0.0
953,953,255,1,-0.9964427068940742,-0.5535148519675223,0.1112583685408021,-0.4483473704324735,-0.6623946162169881,-1.1822922089470431,-0.1468592457865423,-1.8703354144490385,-2.105600757238635,0.4078657452742666,-3.905347454992399,0.4565017600722513,0.210582711190997,-0.1028233879668304,0.2856927536369982,0.0,0.0,0.0,0.0,0.0,0.0
954,954,255,1,-0.9600681759282716,-0.5311742111722637,1.772978380027113,0.5847474232284181,0.2565167529118527,-1.1822922089470431,1.1618614500915652,-1.4148650562114082,-1.378640862390848,-0.0859309993922123,-3.905347454992399,0.4565017600722513,-0.1893333491711743,-0.1028233879668304,1.2152261286172472,0.0,0.0,0.0,0.0,0.0,0.0
955,955,255,1,-0.958462514886293,-0.5305205758140733,-0.3583581751677538,-0.1900736720172506,-0.4326667739347779,0.1037740961307769,-0.1468592457865423,-1.4148650562114082,-1.378640862390848,-0.0859309993922123,-3.905347454992399,0.4565017600722513,-0.1893333491711743,-0.1028233879668304,0.6513185894839948,0.0,0.0,0.0,0.0,0.0,0.0
956,956,255,1,-0.9570246295084812,-0.5291916549905572,-0.5108831945978477,-0.1900736720172506,-0.4326667739347779,-1.1822922089470431,-0.1468592457865423,-1.4148650562114082,-1.378640862390848,-0.0859309993922123,-3.905347454992399,0.4565017600722513,-0.1893333491711743,-0.1028233879668304,-0.289464811214624,0.0,0.0,0.0,0.0,0.0,0.0
957,957,255,1,-1.242296371573531,-0.5399267907749851,-0.3142061895631977,-0.4483473704324735,-0.6623946162169881,-1.1822922089470431,-0.1468592457865423,-1.465472873793367,-1.378640862390848,1.03633432939524,-3.819723798811617,0.4565017600722513,-0.38929137935226,-0.1028233879668304,1.0521007557008948,0.0,0.0,0.0,0.0,0.0,0.0
958,958,255,1,-0.944530807221123,-0.5213257403938028,0.6772065085050416,-0.1900736720172506,-0.4326667739347779,-1.1822922089470431,-0.1468592457865423,-1.4148650562114082,-1.3227208704794795,-0.0859309993922123,-3.905347454992399,0.4565017600722513,-0.38929137935226,-0.1028233879668304,0.4713181779900887,0.0,0.0,0.0,0.0,0.0,0.0
959,959,255,1,-0.976323624478054,-0.5178290152944565,2.9088881853883595,3.1674844073806474,2.553795175733955,0.1037740961307769,2.4705821459696726,-1.4148650562114082,-1.378640862390848,-0.0859309993922123,-3.905347454992399,0.4565017600722513,-0.1893333491711743,-0.1028233879668304,1.2152261286172472,0.0,0.0,0.0,0.0,0.0,0.0
960,960,255,1,-0.9334771712349744,-0.5236488783684147,0.0711201476111121,0.843021121643641,0.4862445951940629,-1.1822922089470431,1.1618614500915652,-1.4148650562114082,-1.378640862390848,-0.0859309993922123,-3.905347454992399,0.4565017600722513,-0.1893333491711743,-0.1028233879668304,-0.0335267261217262,0.0,0.0,0.0,0.0,0.0,0.0
961,961,255,1,-0.963504413274023,-0.5337921863585735,0.0269682098549756,-0.4483473704324735,-0.6623946162169881,-1.1822922089470431,-0.1468592457865423,-1.4148650562114082,-1.3227208704794795,-0.0859309993922123,-3.905347454992399,0.4565017600722513,-0.38929137935226,-0.1028233879668304,-0.3780587637467807,0.0,0.0,0.0,0.0,0.0,0.0
962,962,255,1,-0.7431290650831094,-0.524465413323041,-0.4827864590864322,-0.4483473704324735,-0.6623946162169881,0.1037740961307769,-0.1468592457865423,-1.8197275968670796,-2.105600757238635,-0.4899465177556952,-3.905347454992399,0.4565017600722513,1.2103728620964254,-0.1028233879668304,0.723037503438598,0.0,0.0,0.0,0.0,0.0,0.0
963,963,255,1,-0.9611703182341352,-0.5317385689381224,-0.2499851413422159,-0.1900736720172506,-0.4326667739347779,0.1037740961307769,-0.1468592457865423,-1.4148650562114082,-1.3227208704794795,-0.0859309993922123,-3.905347454992399,0.4565017600722513,-0.38929137935226,-0.1028233879668304,-0.2880585579998276,0.0,0.0,0.0,0.0,0.0,0.0
964,964,255,1,-0.9538413019924856,-0.5277205534903384,2.961067843887906,2.6509370105502015,2.0943394911695346,-1.1822922089470431,2.4705821459696726,-1.4148650562114082,-1.3227208704794795,-0.0859309993922123,-3.905347454992399,0.4565017600722513,-0.38929137935226,-0.1028233879668304,0.9649130563835344,0.0,0.0,0.0,0.0,0.0,0.0
965,965,255,1,-0.7728441485150004,-0.5142524408752419,0.2637833401224769,0.0682000263979722,-0.2029389316525677,0.1037740961307769,1.1618614500915652,-1.8197275968670796,-2.105600757238635,-0.4899465177556952,-3.905347454992399,0.4565017600722513,1.2103728620964254,-0.1028233879668304,1.2152261286172472,0.0,0.0,0.0,0.0,0.0,0.0
966,966,255,1,-1.2389972309133557,-0.5284421073297856,0.0229543973316905,-0.1900736720172506,-0.4326667739347779,0.1037740961307769,-0.1468592457865423,-1.465472873793367,-1.434560854302216,1.03633432939524,-3.8025990675754646,0.4565017600722513,-0.1893333491711743,-0.1028233879668304,1.2152261286172472,0.0,0.0,0.0,0.0,0.0,0.0
967,967,255,1,-0.9296114281889576,-0.4970051623814114,0.6450960083187605,-0.1900736720172506,-0.2029389316525677,-1.1822922089470431,1.1618614500915652,-1.4148650562114082,-1.3227208704794795,0.7669906504862515,-3.905347454992399,0.4565017600722513,-0.38929137935226,-0.1028233879668304,1.2152261286172472,0.0,0.0,0.0,0.0,0.0,0.0
968,968,255,1,-0.9747438488242612,-0.5431060391688809,6.94678760308045,3.942305502626316,3.4727065448627954,-1.1822922089470431,2.4705821459696726,-1.4148650562114082,-1.3227208704794795,-0.0859309993922123,-3.905347454992399,0.4565017600722513,-0.38929137935226,-0.1028233879668304,0.1324111532242185,0.0,0.0,0.0,0.0,0.0,0.0
969,969,255,1,-0.9445336833753668,-0.5176763005602486,3.4427261122568353,3.4257581057958704,3.013250860298375,0.1037740961307769,2.4705821459696726,-1.4148650562114082,-1.3227208704794795,-0.0859309993922123,-3.905347454992399,0.4565017600722513,-0.38929137935226,-0.1028233879668304,0.046629707121654,0.0,0.0,0.0,0.0,0.0,0.0
970,970,255,1,-1.215945046400471,-0.5559201672305106,2.9249434354815,3.1674844073806474,2.7835230180161648,-1.1822922089470431,2.4705821459696726,-1.465472873793367,-1.378640862390848,1.03633432939524,-3.819723798811617,0.4565017600722513,-0.38929137935226,-0.1028233879668304,1.2152261286172472,0.0,0.0,0.0,0.0,0.0,0.0
971,971,255,1,-0.9133009492213284,-0.5112770061243332,0.3400458737617342,1.6178422168893098,1.1754281220406937,-1.1822922089470431,-0.1468592457865423,-1.4148650562114082,-1.3227208704794795,-0.0859309993922123,-3.905347454992399,0.4565017600722513,-0.38929137935226,-0.1028233879668304,0.2997552857849596,0.0,0.0,0.0,0.0,0.0,0.0
972,972,255,1,-0.7834815091103999,-0.5094569421445745,-0.3382890647029086,-0.1900736720172506,-0.4326667739347779,0.1037740961307769,-0.1468592457865423,-1.4148650562114082,-1.3227208704794795,0.7669906504862515,-3.905347454992399,0.4565017600722513,-0.38929137935226,-0.1028233879668304,-0.0363392325513183,0.0,0.0,0.0,0.0,0.0,0.0
973,973,255,1,-0.9266271305465676,-0.4940133154525125,1.628480937795171,1.3595685184740869,1.1754281220406937,0.1037740961307769,1.1618614500915652,-1.4148650562114082,-1.3227208704794795,0.7669906504862515,-3.905347454992399,0.4565017600722513,-0.38929137935226,-0.1028233879668304,1.2152261286172472,0.0,0.0,0.0,0.0,0.0,0.0
974,974,255,1,-0.9448270511081388,-0.5220019570465332,5.806863698105402,6.783316185193767,5.7699849676848975,0.1037740961307769,2.4705821459696726,-1.4148650562114082,-1.378640862390848,-0.0859309993922123,-3.905347454992399,0.4565017600722513,-0.1893333491711743,-0.1028233879668304,1.2152261286172472,0.0,0.0,0.0,0.0,0.0,0.0
975,975,255,1,-0.9543116490830011,-0.5280411729532768,3.928397523271176,2.9092107089654244,2.3240673334517448,0.1037740961307769,2.4705821459696726,-1.4148650562114082,-1.378640862390848,-0.0859309993922123,-3.905347454992399,0.4565017600722513,-0.1893333491711743,-0.1028233879668304,1.2152261286172472,0.0,0.0,0.0,0.0,0.0,0.0
976,976,255,1,-0.9588195414996402,-0.5307426058106449,6.94678760308045,4.200579201041538,3.4727065448627954,-1.1822922089470431,2.4705821459696726,-1.4148650562114082,-1.378640862390848,-0.0859309993922123,-3.905347454992399,0.4565017600722513,-0.1893333491711743,-0.1028233879668304,1.2152261286172472,0.0,0.0,0.0,0.0,0.0,0.0
977,977,255,1,-0.384124041104547,-0.3053108070557823,0.436377470017416,0.3264737248131952,0.0267889106296424,0.1037740961307769,1.1618614500915652,-1.465472873793367,-1.0431209109226385,1.3056780083042288,-2.2099990626129404,-3.256826656490483,-1.7889975906198596,-0.1028233879668304,0.8102252027559589,0.0,0.0,0.0,0.0,0.0,0.0
978,978,255,1,-0.3244309937429719,-0.3094251422006381,0.7133307255177687,0.0682000263979722,-0.2029389316525677,-1.1822922089470431,1.1618614500915652,-0.1500347881596004,0.2663146665471244,-0.2476775240703009,-0.5667625893248283,0.0698512449381822,0.0362050362160249,-0.0790826667590213,-0.3639962315988193,0.0,0.0,0.0,0.0,0.0,0.0
979,979,255,1,-0.2984493502619266,-0.2750380791588934,2.860722435108938,1.101294820058864,0.7159724374762731,-1.1822922089470431,1.1618614500915652,-1.465472873793367,-1.4904808462135843,1.6199123003647151,-1.9360033628344413,-2.5141609731779364,0.210582711190997,-0.1028233879668304,-0.1150894125799022,0.0,0.0,0.0,0.0,0.0,0.0
980,980,255,1,-0.2053160244931105,-0.2812535222817894,0.2798386859124566,-0.1900736720172506,-0.4326667739347779,-1.1822922089470431,-0.1468592457865423,-1.3642572386294494,-1.434560854302216,1.2607873951527306,-1.781880781709036,-2.8854938148342097,0.810456801734254,0.0100231227045181,-0.293683570859012,0.0,0.0,0.0,0.0,0.0,0.0
981,981,255,1,-0.0914082366281349,-0.2813237105323437,-0.0412666987377107,-0.4483473704324735,-0.6623946162169881,-1.1822922089470431,-0.1468592457865423,-1.4148650562114082,-1.6023208300363208,1.1261155556982363,-1.781880781709036,-2.8854938148342097,1.6102889224585968,-0.0652078844097142,1.2152261286172472,0.0,0.0,0.0,0.0,0.0,0.0
982,982,255,1,-0.3460034927697165,-0.2847138146739659,-0.1817502327495296,-0.4483473704324735,-0.6623946162169881,-1.1822922089470431,-0.1468592457865423,-1.465472873793367,-1.658240821947689,1.5750216872132172,-2.398371106210657,-2.8854938148342097,1.6102889224585968,-0.1028233879668304,-0.1221206786538829,0.0,0.0,0.0,0.0,0.0,0.0
983,983,255,1,-0.3438250935461761,-0.2791044581524577,1.3314586196783926,0.5847474232284181,0.2565167529118527,-1.1822922089470431,1.1618614500915652,-1.465472873793367,-1.658240821947689,1.5750216872132172,-2.398371106210657,-2.8854938148342097,1.6102889224585968,-0.1028233879668304,-0.2121208844008359,0.0,0.0,0.0,0.0,0.0,0.0
984,984,255,1,-0.3016903926063944,-0.2798481858919568,0.7614966671908693,-0.1900736720172506,-0.2029389316525677,-1.1822922089470431,1.1618614500915652,-1.465472873793367,-1.658240821947689,1.5750216872132172,-2.398371106210657,-2.8854938148342097,1.6102889224585968,-0.1028233879668304,0.8017876834671818,0.0,0.0,0.0,0.0,0.0,0.0
985,985,255,1,-0.3801361573750199,-0.2892815216860018,0.0992169309709472,-0.1900736720172506,-0.4326667739347779,-1.1822922089470431,-0.1468592457865423,-1.465472873793367,-1.0431209109226385,1.3056780083042288,-2.1928743313767813,-3.256826656490483,-1.7889975906198596,-0.1028233879668304,-0.2064958715416516,0.0,0.0,0.0,0.0,0.0,0.0
986,986,255,1,-0.2919979445515816,-0.2659510868798146,1.8452270054462463,1.101294820058864,0.7159724374762731,0.1037740961307769,1.1618614500915652,-1.465472873793367,-1.4904808462135843,1.530131074061719,-1.7990055129451887,-2.5141609731779364,0.0106246810099113,-0.1028233879668304,0.717412490579413,0.0,0.0,0.0,0.0,0.0,0.0
987,987,255,1,-0.1895242120072779,-0.280286018569337,-0.0252113529477311,-0.4483473704324735,-0.6623946162169881,-1.1822922089470431,-0.1468592457865423,-1.3642572386294494,-1.434560854302216,1.2607873951527306,-1.781880781709036,-2.5141609731779364,1.0104148319153397,-0.0652078844097142,1.2152261286172472,0.0,0.0,0.0,0.0,0.0,0.0
988,988,255,1,-0.3456537524137851,-0.2814853297460993,-0.0332390736911404,-0.4483473704324735,-0.6623946162169881,-1.1822922089470431,-0.1468592457865423,-1.465472873793367,-1.658240821947689,1.6199123003647151,-2.3812463749744985,-2.5141609731779364,1.6102889224585968,-0.1028233879668304,-0.383683776605965,0.0,0.0,0.0,0.0,0.0,0.0
989,989,255,1,-0.3398460300229905,-0.2937697285734459,-0.6032009304818254,-0.4483473704324735,-0.4326667739347779,0.1037740961307769,-1.4555799416646498,-1.566688508957285,-1.881920789593162,1.4403498477587229,-2.398371106210657,-2.5141609731779364,2.610079073364025,-0.1028233879668304,1.2152261286172472,0.0,0.0,0.0,0.0,0.0,0.0
990,990,255,1,-0.3394101967833904,-0.28584072603009,0.1995623397499147,0.0682000263979722,0.0267889106296424,0.1037740961307769,-1.4555799416646498,-1.465472873793367,-1.658240821947689,1.5750216872132172,-2.398371106210657,-2.8854938148342097,1.6102889224585968,-0.1028233879668304,1.2152261286172472,0.0,0.0,0.0,0.0,0.0,0.0
991,991,255,1,-0.3046593507594882,-0.2844660606253673,0.3079353735754525,-0.1900736720172506,-0.4326667739347779,-1.1822922089470431,-0.1468592457865423,-1.5160806913753262,-1.881920789593162,1.2607873951527306,-2.3812463749744985,-2.5141609731779364,3.409911194088368,-0.1028233879668304,-0.2824335451406427,0.0,0.0,0.0,0.0,0.0,0.0
992,992,255,1,-0.3899164240060483,-0.3074429934134214,-0.1576673576098188,-0.1900736720172506,-0.4326667739347779,0.1037740961307769,-0.1468592457865423,-1.465472873793367,-1.0431209109226385,1.3056780083042288,-2.1928743313767813,-3.256826656490483,-1.7889975906198596,-0.1028233879668304,0.641474816980422,0.0,0.0,0.0,0.0,0.0,0.0
993,993,255,1,-0.3470895286118187,-0.2858429957993866,-0.5831318678653997,-0.4483473704324735,-0.4326667739347779,-1.1822922089470431,-1.4555799416646498,-1.465472873793367,-1.658240821947689,1.6199123003647151,-2.3812463749744985,-2.5141609731779364,1.6102889224585968,-0.1028233879668304,0.3039740454293476,0.0,0.0,0.0,0.0,0.0,0.0
994,994,255,1,-0.3455009327516788,-0.287459653530648,0.1112583685408021,-0.4483473704324735,-0.6623946162169881,-1.1822922089470431,-0.1468592457865423,-1.465472873793367,-1.658240821947689,1.6199123003647151,-2.3812463749744985,-2.5141609731779364,1.6102889224585968,-0.1028233879668304,-0.3710274976728,0.0,0.0,0.0,0.0,0.0,0.0
995,995,255,1,-0.3438250935461761,-0.2791044581524577,1.3033618363185575,0.5847474232284181,0.2565167529118527,-1.1822922089470431,1.1618614500915652,-1.465472873793367,-1.658240821947689,1.6199123003647151,-2.3812463749744985,-2.5141609731779364,1.6102889224585968,-0.1028233879668304,-0.3752462573171885,0.0,0.0,0.0,0.0,0.0,0.0
996,996,255,1,-0.324468192004513,-0.3133609803600457,-0.2339298912490757,-0.4483473704324735,-0.6623946162169881,-1.1822922089470431,-0.1468592457865423,-1.566688508957285,-1.658240821947689,1.485240460910221,-2.535368956099904,-2.8854938148342097,0.6104987715531683,-0.1028233879668304,-0.3710274976728,0.0,0.0,0.0,0.0,0.0,0.0
997,997,255,1,-0.3088629460572327,-0.2962597818901719,-0.2820956415284972,0.0682000263979722,-0.2029389316525677,1.3898404012085974,-1.4555799416646498,-1.5160806913753262,-1.881920789593162,1.2607873951527306,-2.3812463749744985,-2.5141609731779364,3.409911194088368,-0.1028233879668304,1.2152261286172472,0.0,0.0,0.0,0.0,0.0,0.0
998,998,255,1,-0.305548082420534,-0.2862430571877042,0.5648195664593795,-0.1900736720172506,-0.4326667739347779,-1.1822922089470431,-0.1468592457865423,-1.5160806913753262,-1.881920789593162,1.2607873951527306,-2.3812463749744985,-2.5141609731779364,3.409911194088368,-0.1028233879668304,1.2152261286172472,0.0,0.0,0.0,0.0,0.0,0.0
999,999,255,1,-0.1667703805611839,-0.2802744369260037,0.8698697010164059,0.0682000263979722,-0.2029389316525677,-1.1822922089470431,1.1618614500915652,-1.3642572386294494,-1.434560854302216,1.2607873951527306,-1.781880781709036,-2.5141609731779364,1.0104148319153397,-0.0652078844097142,0.8172564688299395,0.0,0.0,0.0,0.0,0.0,0.0
